slug,active,index,original_url,new_url
sea-buckthorn-nourishing-cream,true,0,https://biosash.com/media/uploads/products/Seabuckthorn-Nourishing.png,https://gbcnvrymoarcqrvdnnvb.supabase.co/storage/v1/object/public/product-images/gallery/sea-buckthorn-nourishing-cream/8006b42ce4bf-Seabuckthorn-Nourishing.png
seabuckthorn-body-lotion,true,0,https://biosash.com/media/uploads/products/Biosash-Sea-Buckthron-Body-Lotion.png,https://gbcnvrymoarcqrvdnnvb.supabase.co/storage/v1/object/public/product-images/gallery/seabuckthorn-body-lotion/ed6172a613cd-Biosash-Sea-Buckthron-Body-Lotion.png
seabuckthorn-body-lotion,true,1,https://biosash.com/media/uploads/products/01-43.jpg,https://gbcnvrymoarcqrvdnnvb.supabase.co/storage/v1/object/public/product-images/gallery/seabuckthorn-body-lotion/19efd6f0ecd1-01-43.jpg
seabuckthorn-body-lotion,true,2,https://biosash.com/media/uploads/products/02-43.jpg,https://gbcnvrymoarcqrvdnnvb.supabase.co/storage/v1/object/public/product-images/gallery/seabuckthorn-body-lotion/003ede2e38ae-02-43.jpg
seabuckthorn-body-lotion,true,3,https://biosash.com/media/uploads/products/03-43.jpg,https://gbcnvrymoarcqrvdnnvb.supabase.co/storage/v1/object/public/product-images/gallery/seabuckthorn-body-lotion/0f014316bf0e-03-43.jpg
seabuckthorn-body-lotion,true,4,https://biosash.com/media/uploads/products/04-41.jpg,https://gbcnvrymoarcqrvdnnvb.supabase.co/storage/v1/object/public/product-images/gallery/seabuckthorn-body-lotion/d6c08bb42474-04-41.jpg
sea-buckthorn-massage-cream-2,true,0,https://biosash.com/media/uploads/products/Seabuckthorn-Massage-Cream.png,https://gbcnvrymoarcqrvdnnvb.supabase.co/storage/v1/object/public/product-images/gallery/sea-buckthorn-massage-cream-2/0b68568ce0d6-Seabuckthorn-Massage-Cream.png
sea-buckthorn-massage-cream-2,true,1,https://biosash.com/media/uploads/products/2025-10-01-2.jpg,https://gbcnvrymoarcqrvdnnvb.supabase.co/storage/v1/object/public/product-images/gallery/sea-buckthorn-massage-cream-2/062d82efc966-2025-10-01-2.jpg
sea-buckthorn-massage-cream-2,true,2,https://biosash.com/media/uploads/products/2025-10-02-2.jpg,https://gbcnvrymoarcqrvdnnvb.supabase.co/storage/v1/object/public/product-images/gallery/sea-buckthorn-massage-cream-2/6080e4b9e4de-2025-10-02-2.jpg
sea-buckthorn-massage-cream-2,true,3,https://biosash.com/media/uploads/products/2025-10-03-2.jpg,https://gbcnvrymoarcqrvdnnvb.supabase.co/storage/v1/object/public/product-images/gallery/sea-buckthorn-massage-cream-2/9e88474a14fe-2025-10-03-2.jpg
sea-buckthorn-massage-cream-2,true,4,https://biosash.com/media/uploads/products/2025-10-04-2.jpg,https://gbcnvrymoarcqrvdnnvb.supabase.co/storage/v1/object/public/product-images/gallery/sea-buckthorn-massage-cream-2/8a8f34524105-2025-10-04-2.jpg
whegasash-tablets,false,0,https://biosash.com/media/uploads/products/Biosash-Wheatgrass.png,https://gbcnvrymoarcqrvdnnvb.supabase.co/storage/v1/object/public/product-images/gallery/whegasash-tablets/3337da7d5ce9-Biosash-Wheatgrass.png
beard-and-mooch-oil,true,0,https://biosash.com/media/uploads/products/Biosash-BEARD-AND-MOOCH-OIL.png,https://gbcnvrymoarcqrvdnnvb.supabase.co/storage/v1/object/public/product-images/gallery/beard-and-mooch-oil/e4ebaf4b6584-Biosash-BEARD-AND-MOOCH-OIL.png
beard-and-mooch-oil,true,1,https://biosash.com/media/uploads/products/01-16.jpg,https://gbcnvrymoarcqrvdnnvb.supabase.co/storage/v1/object/public/product-images/gallery/beard-and-mooch-oil/5f4f17212856-01-16.jpg
beard-and-mooch-oil,true,2,https://biosash.com/media/uploads/products/02-16.jpg,https://gbcnvrymoarcqrvdnnvb.supabase.co/storage/v1/object/public/product-images/gallery/beard-and-mooch-oil/74dba378878e-02-16.jpg
beard-and-mooch-oil,true,3,https://biosash.com/media/uploads/products/03-16.jpg,https://gbcnvrymoarcqrvdnnvb.supabase.co/storage/v1/object/public/product-images/gallery/beard-and-mooch-oil/57e02aef2dad-03-16.jpg
beard-and-mooch-oil,true,4,https://biosash.com/media/uploads/products/04-16.jpg,https://gbcnvrymoarcqrvdnnvb.supabase.co/storage/v1/object/public/product-images/gallery/beard-and-mooch-oil/5f3141b2ce63-04-16.jpg
facial-moisturising-lotion,true,0,https://biosash.com/media/uploads/products/2026-08-01-6.jpg,https://gbcnvrymoarcqrvdnnvb.supabase.co/storage/v1/object/public/product-images/gallery/facial-moisturising-lotion/3e92dfb4d275-2026-08-01-6.jpg
facial-moisturising-lotion,true,1,https://biosash.com/media/uploads/products/2026-08-02-6.jpg,https://gbcnvrymoarcqrvdnnvb.supabase.co/storage/v1/object/public/product-images/gallery/facial-moisturising-lotion/e139375f4795-2026-08-02-6.jpg
facial-moisturising-lotion,true,2,https://biosash.com/media/uploads/products/2026-08-03-6.jpg,https://gbcnvrymoarcqrvdnnvb.supabase.co/storage/v1/object/public/product-images/gallery/facial-moisturising-lotion/9916b64e3e6e-2026-08-03-6.jpg
facial-moisturising-lotion,true,3,https://biosash.com/media/uploads/products/2026-08-04-6.jpg,https://gbcnvrymoarcqrvdnnvb.supabase.co/storage/v1/object/public/product-images/gallery/facial-moisturising-lotion/132fdd474f90-2026-08-04-6.jpg
facial-moisturising-lotion,true,4,https://biosash.com/media/uploads/products/2026-08-05-6.jpg,https://gbcnvrymoarcqrvdnnvb.supabase.co/storage/v1/object/public/product-images/gallery/facial-moisturising-lotion/82a5bbc2a55a-2026-08-05-6.jpg
facial-moisturising-lotion,true,5,https://biosash.com/media/uploads/products/2026-08-06-6.jpg,https://gbcnvrymoarcqrvdnnvb.supabase.co/storage/v1/object/public/product-images/gallery/facial-moisturising-lotion/03942e4b264c-2026-08-06-6.jpg
facial-moisturising-lotion,true,6,https://biosash.com/media/uploads/products/2026-08-07-6.jpg,https://gbcnvrymoarcqrvdnnvb.supabase.co/storage/v1/object/public/product-images/gallery/facial-moisturising-lotion/a0707b7635bc-2026-08-07-6.jpg
nonisash,false,0,https://biosash.com/media/uploads/products/Biosash-Noni.png,https://gbcnvrymoarcqrvdnnvb.supabase.co/storage/v1/object/public/product-images/gallery/nonisash/e83d13d2715c-Biosash-Noni.png
peppermint-bathing-bar,true,0,https://biosash.com/media/uploads/products/paper-Mint.png,https://gbcnvrymoarcqrvdnnvb.supabase.co/storage/v1/object/public/product-images/gallery/peppermint-bathing-bar/0e97bb4467ed-paper-Mint.png
coconut-natural-face-wash,true,0,https://biosash.com/media/uploads/products/Coconut-Face-Wash.png,https://gbcnvrymoarcqrvdnnvb.supabase.co/storage/v1/object/public/product-images/gallery/coconut-natural-face-wash/95bf6275151e-Coconut-Face-Wash.png
coconut-natural-face-wash,true,1,https://biosash.com/media/uploads/products/2025-10-01-1.jpg,https://gbcnvrymoarcqrvdnnvb.supabase.co/storage/v1/object/public/product-images/gallery/coconut-natural-face-wash/8516c66d91a0-2025-10-01-1.jpg
coconut-natural-face-wash,true,2,https://biosash.com/media/uploads/products/2025-10-02-1.jpg,https://gbcnvrymoarcqrvdnnvb.supabase.co/storage/v1/object/public/product-images/gallery/coconut-natural-face-wash/f3187b3e7994-2025-10-02-1.jpg
coconut-natural-face-wash,true,3,https://biosash.com/media/uploads/products/2025-10-03-1.jpg,https://gbcnvrymoarcqrvdnnvb.supabase.co/storage/v1/object/public/product-images/gallery/coconut-natural-face-wash/329a3319a550-2025-10-03-1.jpg
coconut-natural-face-wash,true,4,https://biosash.com/media/uploads/products/2025-10-04-1.jpg,https://gbcnvrymoarcqrvdnnvb.supabase.co/storage/v1/object/public/product-images/gallery/coconut-natural-face-wash/b98761e5f05f-2025-10-04-1.jpg
sea-buckthorn-face-wash,true,0,https://biosash.com/media/uploads/products/Seabuckthorn-Facewash.png,https://gbcnvrymoarcqrvdnnvb.supabase.co/storage/v1/object/public/product-images/gallery/sea-buckthorn-face-wash/df3048f8c29f-Seabuckthorn-Facewash.png
sea-buckthorn-face-wash,true,1,https://biosash.com/media/uploads/products/01-22.jpg,https://gbcnvrymoarcqrvdnnvb.supabase.co/storage/v1/object/public/product-images/gallery/sea-buckthorn-face-wash/77a4b18395e0-01-22.jpg
sea-buckthorn-face-wash,true,2,https://biosash.com/media/uploads/products/02-22.jpg,https://gbcnvrymoarcqrvdnnvb.supabase.co/storage/v1/object/public/product-images/gallery/sea-buckthorn-face-wash/64dffd5cb11d-02-22.jpg
sea-buckthorn-face-wash,true,3,https://biosash.com/media/uploads/products/03-22.jpg,https://gbcnvrymoarcqrvdnnvb.supabase.co/storage/v1/object/public/product-images/gallery/sea-buckthorn-face-wash/680328e3184e-03-22.jpg
sea-buckthorn-face-wash,true,4,https://biosash.com/media/uploads/products/04-22.jpg,https://gbcnvrymoarcqrvdnnvb.supabase.co/storage/v1/object/public/product-images/gallery/sea-buckthorn-face-wash/ef5859f02ef5-04-22.jpg
pomegranate-papaya-vitamin-e-face-pack,true,0,https://biosash.com/media/uploads/products/Pomegranate.png,https://gbcnvrymoarcqrvdnnvb.supabase.co/storage/v1/object/public/product-images/gallery/pomegranate-papaya-vitamin-e-face-pack/dc5a23b5922e-Pomegranate.png
pomegranate-papaya-vitamin-e-face-pack,true,1,https://biosash.com/media/uploads/products/01-30.jpg,https://gbcnvrymoarcqrvdnnvb.supabase.co/storage/v1/object/public/product-images/gallery/pomegranate-papaya-vitamin-e-face-pack/28e7d78cea23-01-30.jpg
pomegranate-papaya-vitamin-e-face-pack,true,2,https://biosash.com/media/uploads/products/02-30.jpg,https://gbcnvrymoarcqrvdnnvb.supabase.co/storage/v1/object/public/product-images/gallery/pomegranate-papaya-vitamin-e-face-pack/aca49356ced7-02-30.jpg
pomegranate-papaya-vitamin-e-face-pack,true,3,https://biosash.com/media/uploads/products/03-30.jpg,https://gbcnvrymoarcqrvdnnvb.supabase.co/storage/v1/object/public/product-images/gallery/pomegranate-papaya-vitamin-e-face-pack/c96433ac469a-03-30.jpg
pomegranate-papaya-vitamin-e-face-pack,true,4,https://biosash.com/media/uploads/products/04-29.jpg,https://gbcnvrymoarcqrvdnnvb.supabase.co/storage/v1/object/public/product-images/gallery/pomegranate-papaya-vitamin-e-face-pack/1975a20b27c5-04-29.jpg
milk-chocolate-cream-detangle-shampoo,true,0,https://biosash.com/media/uploads/products/Detangle-shampoo-scaled.png,https://gbcnvrymoarcqrvdnnvb.supabase.co/storage/v1/object/public/product-images/gallery/milk-chocolate-cream-detangle-shampoo/bdfc6c2a0e9c-Detangle-shampoo-scaled.png
face-neck-massage-gel,true,0,https://biosash.com/media/uploads/products/2026-08-07-5.jpg,https://gbcnvrymoarcqrvdnnvb.supabase.co/storage/v1/object/public/product-images/gallery/face-neck-massage-gel/c097921477c1-2026-08-07-5.jpg
face-neck-massage-gel,true,1,https://biosash.com/media/uploads/products/2026-08-01-5.jpg,https://gbcnvrymoarcqrvdnnvb.supabase.co/storage/v1/object/public/product-images/gallery/face-neck-massage-gel/0753c3812e15-2026-08-01-5.jpg
face-neck-massage-gel,true,2,https://biosash.com/media/uploads/products/2026-08-02-5.jpg,https://gbcnvrymoarcqrvdnnvb.supabase.co/storage/v1/object/public/product-images/gallery/face-neck-massage-gel/85bdecefa77a-2026-08-02-5.jpg
face-neck-massage-gel,true,3,https://biosash.com/media/uploads/products/2026-08-03-5.jpg,https://gbcnvrymoarcqrvdnnvb.supabase.co/storage/v1/object/public/product-images/gallery/face-neck-massage-gel/607e55b86d64-2026-08-03-5.jpg
face-neck-massage-gel,true,4,https://biosash.com/media/uploads/products/2026-08-04-5.jpg,https://gbcnvrymoarcqrvdnnvb.supabase.co/storage/v1/object/public/product-images/gallery/face-neck-massage-gel/78585e9e6128-2026-08-04-5.jpg
face-neck-massage-gel,true,5,https://biosash.com/media/uploads/products/2026-08-05-5.jpg,https://gbcnvrymoarcqrvdnnvb.supabase.co/storage/v1/object/public/product-images/gallery/face-neck-massage-gel/9d1b3c640e19-2026-08-05-5.jpg
face-neck-massage-gel,true,6,https://biosash.com/media/uploads/products/2026-08-06-5.jpg,https://gbcnvrymoarcqrvdnnvb.supabase.co/storage/v1/object/public/product-images/gallery/face-neck-massage-gel/bfb06897ec0d-2026-08-06-5.jpg
natural-seabuckthorn-face-scrub,true,0,https://biosash.com/media/uploads/products/Natural-Sea-buckthorn-Face-Scrub.png,https://gbcnvrymoarcqrvdnnvb.supabase.co/storage/v1/object/public/product-images/gallery/natural-seabuckthorn-face-scrub/430c769fc58a-Natural-Sea-buckthorn-Face-Scrub.png
natural-seabuckthorn-face-scrub,true,1,https://biosash.com/media/uploads/products/2025-10-01-5.jpg,https://gbcnvrymoarcqrvdnnvb.supabase.co/storage/v1/object/public/product-images/gallery/natural-seabuckthorn-face-scrub/a5816417a307-2025-10-01-5.jpg
natural-seabuckthorn-face-scrub,true,2,https://biosash.com/media/uploads/products/2025-10-02-5.jpg,https://gbcnvrymoarcqrvdnnvb.supabase.co/storage/v1/object/public/product-images/gallery/natural-seabuckthorn-face-scrub/6a372853ff3b-2025-10-02-5.jpg
natural-seabuckthorn-face-scrub,true,3,https://biosash.com/media/uploads/products/2025-10-03-5.jpg,https://gbcnvrymoarcqrvdnnvb.supabase.co/storage/v1/object/public/product-images/gallery/natural-seabuckthorn-face-scrub/d8d8aafecfa5-2025-10-03-5.jpg
natural-seabuckthorn-face-scrub,true,4,https://biosash.com/media/uploads/products/2025-10-04-5.jpg,https://gbcnvrymoarcqrvdnnvb.supabase.co/storage/v1/object/public/product-images/gallery/natural-seabuckthorn-face-scrub/e752eb4f3c3f-2025-10-04-5.jpg
wellsash-capsules-60-capsules,false,0,https://biosash.com/media/uploads/products/Wellsash-Capsule.png,https://gbcnvrymoarcqrvdnnvb.supabase.co/storage/v1/object/public/product-images/gallery/wellsash-capsules-60-capsules/ea3bf98105f6-Wellsash-Capsule.png
strawberry-bathing-bar,true,0,https://biosash.com/media/uploads/products/Strawberrry.png,https://gbcnvrymoarcqrvdnnvb.supabase.co/storage/v1/object/public/product-images/gallery/strawberry-bathing-bar/e2d629406502-Strawberrry.png
neem-tulsi-face-wash,true,0,https://biosash.com/media/uploads/products/Neem-Tulsi-Face-Wash.png,https://gbcnvrymoarcqrvdnnvb.supabase.co/storage/v1/object/public/product-images/gallery/neem-tulsi-face-wash/014533d370fb-Neem-Tulsi-Face-Wash.png
neem-tulsi-face-wash,true,1,https://biosash.com/media/uploads/products/01-21.jpg,https://gbcnvrymoarcqrvdnnvb.supabase.co/storage/v1/object/public/product-images/gallery/neem-tulsi-face-wash/b0e149ef35d2-01-21.jpg
neem-tulsi-face-wash,true,2,https://biosash.com/media/uploads/products/02-21.jpg,https://gbcnvrymoarcqrvdnnvb.supabase.co/storage/v1/object/public/product-images/gallery/neem-tulsi-face-wash/9b9e8d8ea77a-02-21.jpg
neem-tulsi-face-wash,true,3,https://biosash.com/media/uploads/products/03-21.jpg,https://gbcnvrymoarcqrvdnnvb.supabase.co/storage/v1/object/public/product-images/gallery/neem-tulsi-face-wash/d2452f572a14-03-21.jpg
neem-tulsi-face-wash,true,4,https://biosash.com/media/uploads/products/04-21.jpg,https://gbcnvrymoarcqrvdnnvb.supabase.co/storage/v1/object/public/product-images/gallery/neem-tulsi-face-wash/667802f944d7-04-21.jpg
aloe-vera-protein-conditioner,true,0,https://biosash.com/media/uploads/products/Biosash-Aelo-Vera-Protein-Conditioner.png,https://gbcnvrymoarcqrvdnnvb.supabase.co/storage/v1/object/public/product-images/gallery/aloe-vera-protein-conditioner/48f5d72b8344-Biosash-Aelo-Vera-Protein-Conditioner.png
sea-buckthorn-face-pack,true,0,https://biosash.com/media/uploads/products/Seabuckthorn-face-pack.png,https://gbcnvrymoarcqrvdnnvb.supabase.co/storage/v1/object/public/product-images/gallery/sea-buckthorn-face-pack/9a90b808cf36-Seabuckthorn-face-pack.png
sea-buckthorn-face-pack,true,1,https://biosash.com/media/uploads/products/01-13.jpg,https://gbcnvrymoarcqrvdnnvb.supabase.co/storage/v1/object/public/product-images/gallery/sea-buckthorn-face-pack/e184d9eb5fe1-01-13.jpg
sea-buckthorn-face-pack,true,2,https://biosash.com/media/uploads/products/02-13.jpg,https://gbcnvrymoarcqrvdnnvb.supabase.co/storage/v1/object/public/product-images/gallery/sea-buckthorn-face-pack/e3f630344989-02-13.jpg
sea-buckthorn-face-pack,true,3,https://biosash.com/media/uploads/products/03-13.jpg,https://gbcnvrymoarcqrvdnnvb.supabase.co/storage/v1/object/public/product-images/gallery/sea-buckthorn-face-pack/7179b96bfc46-03-13.jpg
sea-buckthorn-face-pack,true,4,https://biosash.com/media/uploads/products/04-13.jpg,https://gbcnvrymoarcqrvdnnvb.supabase.co/storage/v1/object/public/product-images/gallery/sea-buckthorn-face-pack/bf7fc51d7e2a-04-13.jpg
geranium-after-bath-oil,true,0,https://biosash.com/media/uploads/products/GERANIUM-AFTER-BATH-OI.webp,https://gbcnvrymoarcqrvdnnvb.supabase.co/storage/v1/object/public/product-images/gallery/geranium-after-bath-oil/4b4ca1013f12-GERANIUM-AFTER-BATH-OI.webp
tulsi-haldi-face-wash,true,0,https://biosash.com/media/uploads/products/Tulsi-Haldi-Face-Wash.png,https://gbcnvrymoarcqrvdnnvb.supabase.co/storage/v1/object/public/product-images/gallery/tulsi-haldi-face-wash/352fc30cbe60-Tulsi-Haldi-Face-Wash.png
tulsi-haldi-face-wash,true,1,https://biosash.com/media/uploads/products/01-26.jpg,https://gbcnvrymoarcqrvdnnvb.supabase.co/storage/v1/object/public/product-images/gallery/tulsi-haldi-face-wash/cabe4cdca5a8-01-26.jpg
tulsi-haldi-face-wash,true,2,https://biosash.com/media/uploads/products/02-26.jpg,https://gbcnvrymoarcqrvdnnvb.supabase.co/storage/v1/object/public/product-images/gallery/tulsi-haldi-face-wash/f8f37ec7917a-02-26.jpg
tulsi-haldi-face-wash,true,3,https://biosash.com/media/uploads/products/03-26.jpg,https://gbcnvrymoarcqrvdnnvb.supabase.co/storage/v1/object/public/product-images/gallery/tulsi-haldi-face-wash/d978115e6bb0-03-26.jpg
tulsi-haldi-face-wash,true,4,https://biosash.com/media/uploads/products/04-26.jpg,https://gbcnvrymoarcqrvdnnvb.supabase.co/storage/v1/object/public/product-images/gallery/tulsi-haldi-face-wash/52b96eb95d24-04-26.jpg
lemongrass-bathing-bar,true,0,https://biosash.com/media/uploads/products/Lemon-Grass.png,https://gbcnvrymoarcqrvdnnvb.supabase.co/storage/v1/object/public/product-images/gallery/lemongrass-bathing-bar/adbe790091fe-Lemon-Grass.png
lavender-bathing-bar,true,0,https://biosash.com/media/uploads/products/Lavender.png,https://gbcnvrymoarcqrvdnnvb.supabase.co/storage/v1/object/public/product-images/gallery/lavender-bathing-bar/204154125cae-Lavender.png
litchi-bathing-bar-soap,true,0,https://biosash.com/media/uploads/products/Litchi.png,https://gbcnvrymoarcqrvdnnvb.supabase.co/storage/v1/object/public/product-images/gallery/litchi-bathing-bar-soap/af6336f0a35c-Litchi.png
jasmine-bathing-bar,true,0,https://biosash.com/media/uploads/products/Jasmine.png,https://gbcnvrymoarcqrvdnnvb.supabase.co/storage/v1/object/public/product-images/gallery/jasmine-bathing-bar/20a822d0d475-Jasmine.png
sea-buckthorn-face-scrub,true,0,https://biosash.com/media/uploads/products/face-scrub.png,https://gbcnvrymoarcqrvdnnvb.supabase.co/storage/v1/object/public/product-images/gallery/sea-buckthorn-face-scrub/0a7f4a44a5b1-face-scrub.png
musk-bathing-bar,true,0,https://biosash.com/media/uploads/products/Musk.png,https://gbcnvrymoarcqrvdnnvb.supabase.co/storage/v1/object/public/product-images/gallery/musk-bathing-bar/b5d80e392548-Musk.png
neem-tulsi-bath,true,0,https://biosash.com/media/uploads/products/Neem-And-Tulsi.png,https://gbcnvrymoarcqrvdnnvb.supabase.co/storage/v1/object/public/product-images/gallery/neem-tulsi-bath/767832765908-Neem-And-Tulsi.png
lemongrass-bathing-bar-soap-with-loofah,true,0,https://biosash.com/media/uploads/products/Lemon-Grass-With-Loofah.png,https://gbcnvrymoarcqrvdnnvb.supabase.co/storage/v1/object/public/product-images/gallery/lemongrass-bathing-bar-soap-with-loofah/24db6a47c8f0-Lemon-Grass-With-Loofah.png
peach-bathing-bar-soap,true,0,https://biosash.com/media/uploads/products/PeachSoap.png,https://gbcnvrymoarcqrvdnnvb.supabase.co/storage/v1/object/public/product-images/gallery/peach-bathing-bar-soap/de3e47770cd7-PeachSoap.png
natural-seabuckthorn-night-cream,true,0,https://biosash.com/media/uploads/products/Natural-Sea-buckthorn-Night-Cream.png,https://gbcnvrymoarcqrvdnnvb.supabase.co/storage/v1/object/public/product-images/gallery/natural-seabuckthorn-night-cream/8fcf00787d9f-Natural-Sea-buckthorn-Night-Cream.png
natural-seabuckthorn-night-cream,true,1,https://biosash.com/media/uploads/products/2025-10-01-3.jpg,https://gbcnvrymoarcqrvdnnvb.supabase.co/storage/v1/object/public/product-images/gallery/natural-seabuckthorn-night-cream/a0b369c7ccd7-2025-10-01-3.jpg
natural-seabuckthorn-night-cream,true,2,https://biosash.com/media/uploads/products/2025-10-02-3.jpg,https://gbcnvrymoarcqrvdnnvb.supabase.co/storage/v1/object/public/product-images/gallery/natural-seabuckthorn-night-cream/843754aaa15b-2025-10-02-3.jpg
natural-seabuckthorn-night-cream,true,3,https://biosash.com/media/uploads/products/2025-10-03-3.jpg,https://gbcnvrymoarcqrvdnnvb.supabase.co/storage/v1/object/public/product-images/gallery/natural-seabuckthorn-night-cream/6defd9de6acb-2025-10-03-3.jpg
natural-seabuckthorn-night-cream,true,4,https://biosash.com/media/uploads/products/2025-10-04-3.jpg,https://gbcnvrymoarcqrvdnnvb.supabase.co/storage/v1/object/public/product-images/gallery/natural-seabuckthorn-night-cream/9df44c694562-2025-10-04-3.jpg
liquid-wash-intimate-women,true,0,https://biosash.com/media/uploads/products/Biosash-LIQUID-WASH-INTIMATE-WOMEN.png,https://gbcnvrymoarcqrvdnnvb.supabase.co/storage/v1/object/public/product-images/gallery/liquid-wash-intimate-women/88046fd263be-Biosash-LIQUID-WASH-INTIMATE-WOMEN.png
liquid-wash-intimate-women,true,1,https://biosash.com/media/uploads/products/01-40.jpg,https://gbcnvrymoarcqrvdnnvb.supabase.co/storage/v1/object/public/product-images/gallery/liquid-wash-intimate-women/e3be55a0977a-01-40.jpg
liquid-wash-intimate-women,true,2,https://biosash.com/media/uploads/products/02-40.jpg,https://gbcnvrymoarcqrvdnnvb.supabase.co/storage/v1/object/public/product-images/gallery/liquid-wash-intimate-women/09a6f42a1435-02-40.jpg
liquid-wash-intimate-women,true,3,https://biosash.com/media/uploads/products/03-40.jpg,https://gbcnvrymoarcqrvdnnvb.supabase.co/storage/v1/object/public/product-images/gallery/liquid-wash-intimate-women/403c7bcbf5f6-03-40.jpg
liquid-wash-intimate-women,true,4,https://biosash.com/media/uploads/products/04-38.jpg,https://gbcnvrymoarcqrvdnnvb.supabase.co/storage/v1/object/public/product-images/gallery/liquid-wash-intimate-women/0e953f907fad-04-38.jpg
charcoal-bathing-bar,true,0,https://biosash.com/media/uploads/products/2026-08-07-9.jpg,https://gbcnvrymoarcqrvdnnvb.supabase.co/storage/v1/object/public/product-images/gallery/charcoal-bathing-bar/b6f07579ee79-2026-08-07-9.jpg
charcoal-bathing-bar,true,1,https://biosash.com/media/uploads/products/2026-08-01-9.jpg,https://gbcnvrymoarcqrvdnnvb.supabase.co/storage/v1/object/public/product-images/gallery/charcoal-bathing-bar/a79ef49b55b1-2026-08-01-9.jpg
charcoal-bathing-bar,true,2,https://biosash.com/media/uploads/products/2026-08-02-9.jpg,https://gbcnvrymoarcqrvdnnvb.supabase.co/storage/v1/object/public/product-images/gallery/charcoal-bathing-bar/95b6e3e186a7-2026-08-02-9.jpg
charcoal-bathing-bar,true,3,https://biosash.com/media/uploads/products/2026-08-03-9.jpg,https://gbcnvrymoarcqrvdnnvb.supabase.co/storage/v1/object/public/product-images/gallery/charcoal-bathing-bar/483818b2fd63-2026-08-03-9.jpg
charcoal-bathing-bar,true,4,https://biosash.com/media/uploads/products/2026-08-04-9.jpg,https://gbcnvrymoarcqrvdnnvb.supabase.co/storage/v1/object/public/product-images/gallery/charcoal-bathing-bar/97ccbebaf093-2026-08-04-9.jpg
charcoal-bathing-bar,true,5,https://biosash.com/media/uploads/products/2026-08-05-9.jpg,https://gbcnvrymoarcqrvdnnvb.supabase.co/storage/v1/object/public/product-images/gallery/charcoal-bathing-bar/30952d12be21-2026-08-05-9.jpg
charcoal-bathing-bar,true,6,https://biosash.com/media/uploads/products/2026-08-06-9.jpg,https://gbcnvrymoarcqrvdnnvb.supabase.co/storage/v1/object/public/product-images/gallery/charcoal-bathing-bar/eb638c2d0161-2026-08-06-9.jpg
talcum-powder,true,0,https://biosash.com/media/uploads/products/Biosash-Talcum-Powder.png,https://gbcnvrymoarcqrvdnnvb.supabase.co/storage/v1/object/public/product-images/gallery/talcum-powder/218f154527e5-Biosash-Talcum-Powder.png
talcum-powder,true,1,https://biosash.com/media/uploads/products/2021-04-01.jpg,https://gbcnvrymoarcqrvdnnvb.supabase.co/storage/v1/object/public/product-images/gallery/talcum-powder/dcc8e22eb765-2021-04-01.jpg
talcum-powder,true,2,https://biosash.com/media/uploads/products/2021-04-02.jpg,https://gbcnvrymoarcqrvdnnvb.supabase.co/storage/v1/object/public/product-images/gallery/talcum-powder/5bb28e709312-2021-04-02.jpg
talcum-powder,true,3,https://biosash.com/media/uploads/products/2021-04-03.jpg,https://gbcnvrymoarcqrvdnnvb.supabase.co/storage/v1/object/public/product-images/gallery/talcum-powder/5238338dd4a4-2021-04-03.jpg
talcum-powder,true,4,https://biosash.com/media/uploads/products/2021-04-04.jpg,https://gbcnvrymoarcqrvdnnvb.supabase.co/storage/v1/object/public/product-images/gallery/talcum-powder/aa61764b8649-2021-04-04.jpg
tea-tree-bathing-bar,true,0,https://biosash.com/media/uploads/products/Tea-Tree.png,https://gbcnvrymoarcqrvdnnvb.supabase.co/storage/v1/object/public/product-images/gallery/tea-tree-bathing-bar/8dc7dd1edbd7-Tea-Tree.png
after-shave-lotion-for-men,true,0,https://biosash.com/media/uploads/products/Biosash-After-Shave-Lotion-For-Men.png,https://gbcnvrymoarcqrvdnnvb.supabase.co/storage/v1/object/public/product-images/gallery/after-shave-lotion-for-men/d72b1aeb3765-Biosash-After-Shave-Lotion-For-Men.png
sea-buckthorn-massage-cream,true,0,https://biosash.com/media/uploads/products/natural-sea-bkt-massag-cream.png,https://gbcnvrymoarcqrvdnnvb.supabase.co/storage/v1/object/public/product-images/gallery/sea-buckthorn-massage-cream/26dfa77ae5da-natural-sea-bkt-massag-cream.png
body-wash-men,true,0,https://biosash.com/media/uploads/products/Body-Wash-Men.png,https://gbcnvrymoarcqrvdnnvb.supabase.co/storage/v1/object/public/product-images/gallery/body-wash-men/866f138e1c46-Body-Wash-Men.png
sea-buckthorn-shampoo,true,0,https://biosash.com/media/uploads/products/SBT-SHAMPOO.png,https://gbcnvrymoarcqrvdnnvb.supabase.co/storage/v1/object/public/product-images/gallery/sea-buckthorn-shampoo/ff45b2c94f4e-SBT-SHAMPOO.png
sea-buckthorn-shampoo,true,1,https://biosash.com/media/uploads/products/01-39.jpg,https://gbcnvrymoarcqrvdnnvb.supabase.co/storage/v1/object/public/product-images/gallery/sea-buckthorn-shampoo/7a35bce25864-01-39.jpg
sea-buckthorn-shampoo,true,2,https://biosash.com/media/uploads/products/02-39.jpg,https://gbcnvrymoarcqrvdnnvb.supabase.co/storage/v1/object/public/product-images/gallery/sea-buckthorn-shampoo/fe85c1ebd459-02-39.jpg
sea-buckthorn-shampoo,true,3,https://biosash.com/media/uploads/products/03-39.jpg,https://gbcnvrymoarcqrvdnnvb.supabase.co/storage/v1/object/public/product-images/gallery/sea-buckthorn-shampoo/6d95449d6a7c-03-39.jpg
sea-buckthorn-shampoo,true,4,https://biosash.com/media/uploads/products/04-37.jpg,https://gbcnvrymoarcqrvdnnvb.supabase.co/storage/v1/object/public/product-images/gallery/sea-buckthorn-shampoo/e6fa041ce8a6-04-37.jpg
seabuckthorn-biosip,false,0,https://biosash.com/media/uploads/products/Biosip-Drink.png,https://gbcnvrymoarcqrvdnnvb.supabase.co/storage/v1/object/public/product-images/gallery/seabuckthorn-biosip/0c4707ae1d90-Biosip-Drink.png
dentosash,true,0,https://biosash.com/media/uploads/products/Dentosash.png,https://gbcnvrymoarcqrvdnnvb.supabase.co/storage/v1/object/public/product-images/gallery/dentosash/146a5b77511c-Dentosash.png
dentosash,true,1,https://biosash.com/media/uploads/products/01-19.jpg,https://gbcnvrymoarcqrvdnnvb.supabase.co/storage/v1/object/public/product-images/gallery/dentosash/7322354438b3-01-19.jpg
dentosash,true,2,https://biosash.com/media/uploads/products/02-19.jpg,https://gbcnvrymoarcqrvdnnvb.supabase.co/storage/v1/object/public/product-images/gallery/dentosash/fe625b090fc8-02-19.jpg
dentosash,true,3,https://biosash.com/media/uploads/products/03-19.jpg,https://gbcnvrymoarcqrvdnnvb.supabase.co/storage/v1/object/public/product-images/gallery/dentosash/0894d2e48b90-03-19.jpg
dentosash,true,4,https://biosash.com/media/uploads/products/04-19.jpg,https://gbcnvrymoarcqrvdnnvb.supabase.co/storage/v1/object/public/product-images/gallery/dentosash/005e53a7b345-04-19.jpg
neem-tulsi-skin-toner,true,0,https://biosash.com/media/uploads/products/Neem-Tulsi-Skin-Tonner.png,https://gbcnvrymoarcqrvdnnvb.supabase.co/storage/v1/object/public/product-images/gallery/neem-tulsi-skin-toner/3cc05badbd32-Neem-Tulsi-Skin-Tonner.png
sea-buckthorn-cleanser,true,0,https://biosash.com/media/uploads/products/Biosash-SEA-BUCKTHORN-CLEANSER.png,https://gbcnvrymoarcqrvdnnvb.supabase.co/storage/v1/object/public/product-images/gallery/sea-buckthorn-cleanser/d8d0dd8e4bff-Biosash-SEA-BUCKTHORN-CLEANSER.png
aloe-vera-and-neem-face-wash,true,0,https://biosash.com/media/uploads/products/Aloe-Vera-Neem-face-Wash.png,https://gbcnvrymoarcqrvdnnvb.supabase.co/storage/v1/object/public/product-images/gallery/aloe-vera-and-neem-face-wash/498798daafda-Aloe-Vera-Neem-face-Wash.png
seabuckthorn-oil,true,0,https://biosash.com/media/uploads/products/Biosash-SEABUCKTHORN-OIL.png,https://gbcnvrymoarcqrvdnnvb.supabase.co/storage/v1/object/public/product-images/gallery/seabuckthorn-oil/70397719cb0b-Biosash-SEABUCKTHORN-OIL.png
rose-and-geranium-bathing-bar-soap-with-loofah,true,0,https://biosash.com/media/uploads/products/Rose-And-Gerenium.png,https://gbcnvrymoarcqrvdnnvb.supabase.co/storage/v1/object/public/product-images/gallery/rose-and-geranium-bathing-bar-soap-with-loofah/dbd653119c56-Rose-And-Gerenium.png
sea-buckthorn-natural-under-eye-gel,true,0,https://biosash.com/media/uploads/products/sea-buckthorn-natural-under-eye-gel.jpeg,https://gbcnvrymoarcqrvdnnvb.supabase.co/storage/v1/object/public/product-images/gallery/sea-buckthorn-natural-under-eye-gel/bf2baf4e0ad5-sea-buckthorn-natural-under-eye-gel.jpeg
mouch-wax,true,0,https://biosash.com/media/uploads/products/2020-10-mouch-wax.png,https://gbcnvrymoarcqrvdnnvb.supabase.co/storage/v1/object/public/product-images/gallery/mouch-wax/7bc23c694104-2020-10-mouch-wax.png
sesame-hair-oil,true,0,https://biosash.com/media/uploads/products/Sesame-Hair-Oil.png,https://gbcnvrymoarcqrvdnnvb.supabase.co/storage/v1/object/public/product-images/gallery/sesame-hair-oil/104da0ca4d35-Sesame-Hair-Oil.png
sesame-hair-oil,true,1,https://biosash.com/media/uploads/products/01-25.jpg,https://gbcnvrymoarcqrvdnnvb.supabase.co/storage/v1/object/public/product-images/gallery/sesame-hair-oil/1261d98b8fd6-01-25.jpg
sesame-hair-oil,true,2,https://biosash.com/media/uploads/products/02-25.jpg,https://gbcnvrymoarcqrvdnnvb.supabase.co/storage/v1/object/public/product-images/gallery/sesame-hair-oil/65f974bf4499-02-25.jpg
sesame-hair-oil,true,3,https://biosash.com/media/uploads/products/03-25.jpg,https://gbcnvrymoarcqrvdnnvb.supabase.co/storage/v1/object/public/product-images/gallery/sesame-hair-oil/7102f16638b1-03-25.jpg
sesame-hair-oil,true,4,https://biosash.com/media/uploads/products/04-25.jpg,https://gbcnvrymoarcqrvdnnvb.supabase.co/storage/v1/object/public/product-images/gallery/sesame-hair-oil/c25b6d2c0878-04-25.jpg
natural-seabuckthorn-bathing-bar,true,0,https://biosash.com/media/uploads/products/natural-Sea-Buckthorn.png,https://gbcnvrymoarcqrvdnnvb.supabase.co/storage/v1/object/public/product-images/gallery/natural-seabuckthorn-bathing-bar/2dd55d70dbc1-natural-Sea-Buckthorn.png
seabuck-tea-2,true,0,https://biosash.com/media/uploads/products/Biosash-Seabuck-Tea.png,https://gbcnvrymoarcqrvdnnvb.supabase.co/storage/v1/object/public/product-images/gallery/seabuck-tea-2/991887f657e8-Biosash-Seabuck-Tea.png
beard-wash,true,0,https://biosash.com/media/uploads/products/Biosash-Beard-Wash.png,https://gbcnvrymoarcqrvdnnvb.supabase.co/storage/v1/object/public/product-images/gallery/beard-wash/641743f797cd-Biosash-Beard-Wash.png
beard-wash,true,1,https://biosash.com/media/uploads/products/01-17.jpg,https://gbcnvrymoarcqrvdnnvb.supabase.co/storage/v1/object/public/product-images/gallery/beard-wash/58a56cf39d15-01-17.jpg
beard-wash,true,2,https://biosash.com/media/uploads/products/02-17.jpg,https://gbcnvrymoarcqrvdnnvb.supabase.co/storage/v1/object/public/product-images/gallery/beard-wash/9889268a93ce-02-17.jpg
beard-wash,true,3,https://biosash.com/media/uploads/products/03-17.jpg,https://gbcnvrymoarcqrvdnnvb.supabase.co/storage/v1/object/public/product-images/gallery/beard-wash/88eecfaf286b-03-17.jpg
beard-wash,true,4,https://biosash.com/media/uploads/products/04-17.jpg,https://gbcnvrymoarcqrvdnnvb.supabase.co/storage/v1/object/public/product-images/gallery/beard-wash/07d6c7de6e57-04-17.jpg
beard-wash,true,5,https://biosash.com/media/uploads/products/05-12.jpg,https://gbcnvrymoarcqrvdnnvb.supabase.co/storage/v1/object/public/product-images/gallery/beard-wash/5b6ae4bf0189-05-12.jpg
beard-wash,true,6,https://biosash.com/media/uploads/products/2020-10-06-11.jpg,https://gbcnvrymoarcqrvdnnvb.supabase.co/storage/v1/object/public/product-images/gallery/beard-wash/7d80e0a2b1e6-2020-10-06-11.jpg
spirusash-capsule,false,0,https://biosash.com/media/uploads/products/Biosash-Spirulina.png,https://gbcnvrymoarcqrvdnnvb.supabase.co/storage/v1/object/public/product-images/gallery/spirusash-capsule/efbd91f1c103-Biosash-Spirulina.png
multani-mitti-bathing-bar,true,0,https://biosash.com/media/uploads/products/Multani-Mitti.png,https://gbcnvrymoarcqrvdnnvb.supabase.co/storage/v1/object/public/product-images/gallery/multani-mitti-bathing-bar/b52d44fdc236-Multani-Mitti.png
hydrating-sea-mineral-body-wash,true,0,https://biosash.com/media/uploads/products/Sea-minral-Body-Wash.png,https://gbcnvrymoarcqrvdnnvb.supabase.co/storage/v1/object/public/product-images/gallery/hydrating-sea-mineral-body-wash/110a6e1da428-Sea-minral-Body-Wash.png
hydrating-sea-mineral-body-wash,true,1,https://biosash.com/media/uploads/products/01-38.jpg,https://gbcnvrymoarcqrvdnnvb.supabase.co/storage/v1/object/public/product-images/gallery/hydrating-sea-mineral-body-wash/6b5b6d2eeb1c-01-38.jpg
hydrating-sea-mineral-body-wash,true,2,https://biosash.com/media/uploads/products/02-38.jpg,https://gbcnvrymoarcqrvdnnvb.supabase.co/storage/v1/object/public/product-images/gallery/hydrating-sea-mineral-body-wash/0141f6ba97b6-02-38.jpg
hydrating-sea-mineral-body-wash,true,3,https://biosash.com/media/uploads/products/03-38.jpg,https://gbcnvrymoarcqrvdnnvb.supabase.co/storage/v1/object/public/product-images/gallery/hydrating-sea-mineral-body-wash/d08b151f99eb-03-38.jpg
herbal-scrub-bathing-bar,true,0,https://biosash.com/media/uploads/products/Herbal.png,https://gbcnvrymoarcqrvdnnvb.supabase.co/storage/v1/object/public/product-images/gallery/herbal-scrub-bathing-bar/ecffbec6ae5d-Herbal.png
lemon-bathing-bar-soap,true,0,https://biosash.com/media/uploads/products/Lemon.png,https://gbcnvrymoarcqrvdnnvb.supabase.co/storage/v1/object/public/product-images/gallery/lemon-bathing-bar-soap/3c347a675458-Lemon.png
seabuckthorn-berry-oil-capsule,true,0,https://biosash.com/media/uploads/products/Seabuckthorn-Berry-Oil.png,https://gbcnvrymoarcqrvdnnvb.supabase.co/storage/v1/object/public/product-images/gallery/seabuckthorn-berry-oil-capsule/678b68a62585-Seabuckthorn-Berry-Oil.png
seabuckthorn-berry-oil-capsule,true,1,https://biosash.com/media/uploads/products/2023-10-01-4.jpg,https://gbcnvrymoarcqrvdnnvb.supabase.co/storage/v1/object/public/product-images/gallery/seabuckthorn-berry-oil-capsule/8c1729d767a1-2023-10-01-4.jpg
seabuckthorn-berry-oil-capsule,true,2,https://biosash.com/media/uploads/products/2023-10-02-4.jpg,https://gbcnvrymoarcqrvdnnvb.supabase.co/storage/v1/object/public/product-images/gallery/seabuckthorn-berry-oil-capsule/8f6fe98bb9e2-2023-10-02-4.jpg
seabuckthorn-berry-oil-capsule,true,3,https://biosash.com/media/uploads/products/2023-10-03-4.jpg,https://gbcnvrymoarcqrvdnnvb.supabase.co/storage/v1/object/public/product-images/gallery/seabuckthorn-berry-oil-capsule/7508d9a25e55-2023-10-03-4.jpg
seabuckthorn-berry-oil-capsule,true,4,https://biosash.com/media/uploads/products/2023-10-04-4.jpg,https://gbcnvrymoarcqrvdnnvb.supabase.co/storage/v1/object/public/product-images/gallery/seabuckthorn-berry-oil-capsule/e8bb614dff71-2023-10-04-4.jpg
seabuckthorn-berry-oil-capsule,true,5,https://biosash.com/media/uploads/products/2023-10-05-4.jpg,https://gbcnvrymoarcqrvdnnvb.supabase.co/storage/v1/object/public/product-images/gallery/seabuckthorn-berry-oil-capsule/4d8a2735b106-2023-10-05-4.jpg
seabuckthorn-berry-oil-capsule,true,6,https://biosash.com/media/uploads/products/2023-10-06-4.jpg,https://gbcnvrymoarcqrvdnnvb.supabase.co/storage/v1/object/public/product-images/gallery/seabuckthorn-berry-oil-capsule/3ccdcce2b881-2023-10-06-4.jpg
seabuckthorn-berry-oil-capsule,true,7,https://biosash.com/media/uploads/products/2023-10-07-4.jpg,https://gbcnvrymoarcqrvdnnvb.supabase.co/storage/v1/object/public/product-images/gallery/seabuckthorn-berry-oil-capsule/8ac0bd63f463-2023-10-07-4.jpg
sandal-turmeric-bath-soap,true,0,https://biosash.com/media/uploads/products/Sandel-And-Turmeric.png,https://gbcnvrymoarcqrvdnnvb.supabase.co/storage/v1/object/public/product-images/gallery/sandal-turmeric-bath-soap/a87519229717-Sandel-And-Turmeric.png
black-seed-oil-capsule,false,0,https://biosash.com/media/uploads/products/Black-Seed-oil.png,https://gbcnvrymoarcqrvdnnvb.supabase.co/storage/v1/object/public/product-images/gallery/black-seed-oil-capsule/0c6f6e8f0e4d-Black-Seed-oil.png
liquid-wash-intimate-men,true,0,https://biosash.com/media/uploads/products/Biosash-Liquid-Wash-Intimate-Men.png,https://gbcnvrymoarcqrvdnnvb.supabase.co/storage/v1/object/public/product-images/gallery/liquid-wash-intimate-men/d4d8aa17cd94-Biosash-Liquid-Wash-Intimate-Men.png
strawberry-shower-gel,true,0,https://biosash.com/media/uploads/products/Strawberry-Shower-Gel.png,https://gbcnvrymoarcqrvdnnvb.supabase.co/storage/v1/object/public/product-images/gallery/strawberry-shower-gel/c2dbb0d24984-Strawberry-Shower-Gel.png
natural-rosemary-shea-butter-sugar-body-scrub,true,0,https://biosash.com/media/uploads/products/Rosemary-Shea-Butter.png,https://gbcnvrymoarcqrvdnnvb.supabase.co/storage/v1/object/public/product-images/gallery/natural-rosemary-shea-butter-sugar-body-scrub/930d65e5a88c-Rosemary-Shea-Butter.png
skin-care-with-beauty-berry-sea-buckthorn,true,0,https://biosash.com/media/uploads/products/Beauty.png,https://gbcnvrymoarcqrvdnnvb.supabase.co/storage/v1/object/public/product-images/gallery/skin-care-with-beauty-berry-sea-buckthorn/3373f4da2342-Beauty.png
rose-bathing-bar,true,0,https://biosash.com/media/uploads/products/Rose.png,https://gbcnvrymoarcqrvdnnvb.supabase.co/storage/v1/object/public/product-images/gallery/rose-bathing-bar/8c6f3f8112ed-Rose.png
sea-buckthorn-hair-oil,true,0,https://biosash.com/media/uploads/products/Biosash-Sea-Buckthorn-Hair-Oil.png,https://gbcnvrymoarcqrvdnnvb.supabase.co/storage/v1/object/public/product-images/gallery/sea-buckthorn-hair-oil/d9d85978c39a-Biosash-Sea-Buckthorn-Hair-Oil.png
sea-buckthorn-hair-oil,true,1,https://biosash.com/media/uploads/products/01-23.jpg,https://gbcnvrymoarcqrvdnnvb.supabase.co/storage/v1/object/public/product-images/gallery/sea-buckthorn-hair-oil/29daa38a6bdd-01-23.jpg
sea-buckthorn-hair-oil,true,2,https://biosash.com/media/uploads/products/02-23.jpg,https://gbcnvrymoarcqrvdnnvb.supabase.co/storage/v1/object/public/product-images/gallery/sea-buckthorn-hair-oil/d214f4b5472a-02-23.jpg
sea-buckthorn-hair-oil,true,3,https://biosash.com/media/uploads/products/03-23.jpg,https://gbcnvrymoarcqrvdnnvb.supabase.co/storage/v1/object/public/product-images/gallery/sea-buckthorn-hair-oil/07419e479c93-03-23.jpg
sea-buckthorn-hair-oil,true,4,https://biosash.com/media/uploads/products/04-23.jpg,https://gbcnvrymoarcqrvdnnvb.supabase.co/storage/v1/object/public/product-images/gallery/sea-buckthorn-hair-oil/fa4c9fea1692-04-23.jpg
vitamin-c-face-cream-de-tan,true,0,https://biosash.com/media/uploads/products/vitamin-c-face-cream.png,https://gbcnvrymoarcqrvdnnvb.supabase.co/storage/v1/object/public/product-images/gallery/vitamin-c-face-cream-de-tan/62e215ddf7c8-vitamin-c-face-cream.png
vitamin-c-face-cream-de-tan,true,1,https://biosash.com/media/uploads/products/2020-12-01-2.jpg,https://gbcnvrymoarcqrvdnnvb.supabase.co/storage/v1/object/public/product-images/gallery/vitamin-c-face-cream-de-tan/7c5afbfc0831-2020-12-01-2.jpg
vitamin-c-face-cream-de-tan,true,2,https://biosash.com/media/uploads/products/2020-12-02-2.jpg,https://gbcnvrymoarcqrvdnnvb.supabase.co/storage/v1/object/public/product-images/gallery/vitamin-c-face-cream-de-tan/b9415301e607-2020-12-02-2.jpg
vitamin-c-face-cream-de-tan,true,3,https://biosash.com/media/uploads/products/2020-12-03-2.jpg,https://gbcnvrymoarcqrvdnnvb.supabase.co/storage/v1/object/public/product-images/gallery/vitamin-c-face-cream-de-tan/2c7124ed9259-2020-12-03-2.jpg
vitamin-c-face-cream-de-tan,true,4,https://biosash.com/media/uploads/products/2020-12-04-2.jpg,https://gbcnvrymoarcqrvdnnvb.supabase.co/storage/v1/object/public/product-images/gallery/vitamin-c-face-cream-de-tan/58ca64f6ad5a-2020-12-04-2.jpg
green-apple-bathing-bar-soap,true,0,https://biosash.com/media/uploads/products/Biosash-Green-Apple-Bathing-Bar-scaled.png,https://gbcnvrymoarcqrvdnnvb.supabase.co/storage/v1/object/public/product-images/gallery/green-apple-bathing-bar-soap/73e6584aae96-Biosash-Green-Apple-Bathing-Bar-scaled.png
seabuckthorn-ferrosash-juice,false,0,https://biosash.com/media/uploads/products/Sea-buckthorn-Ferrosash-Juice.png,https://gbcnvrymoarcqrvdnnvb.supabase.co/storage/v1/object/public/product-images/gallery/seabuckthorn-ferrosash-juice/a06954a60687-Sea-buckthorn-Ferrosash-Juice.png
seabuckthorn-ferrosash-juice,false,1,https://biosash.com/media/uploads/products/2020-10-01-6.jpg,https://gbcnvrymoarcqrvdnnvb.supabase.co/storage/v1/object/public/product-images/gallery/seabuckthorn-ferrosash-juice/7bad711b3811-2020-10-01-6.jpg
seabuckthorn-ferrosash-juice,false,2,https://biosash.com/media/uploads/products/2020-10-02-6.jpg,https://gbcnvrymoarcqrvdnnvb.supabase.co/storage/v1/object/public/product-images/gallery/seabuckthorn-ferrosash-juice/0e693c94deb3-2020-10-02-6.jpg
seabuckthorn-ferrosash-juice,false,3,https://biosash.com/media/uploads/products/2020-10-03-6.jpg,https://gbcnvrymoarcqrvdnnvb.supabase.co/storage/v1/object/public/product-images/gallery/seabuckthorn-ferrosash-juice/5efc760bcfb3-2020-10-03-6.jpg
seabuckthorn-ferrosash-juice,false,4,https://biosash.com/media/uploads/products/2020-10-04-6.jpg,https://gbcnvrymoarcqrvdnnvb.supabase.co/storage/v1/object/public/product-images/gallery/seabuckthorn-ferrosash-juice/4dac381e98f2-2020-10-04-6.jpg
seabuckthorn-ferrosash-juice,false,5,https://biosash.com/media/uploads/products/2020-10-05-6.jpg,https://gbcnvrymoarcqrvdnnvb.supabase.co/storage/v1/object/public/product-images/gallery/seabuckthorn-ferrosash-juice/32a1a1877e3f-2020-10-05-6.jpg
seabuckthorn-ferrosash-juice,false,6,https://biosash.com/media/uploads/products/2020-10-06-6.jpg,https://gbcnvrymoarcqrvdnnvb.supabase.co/storage/v1/object/public/product-images/gallery/seabuckthorn-ferrosash-juice/facc1732ac3c-2020-10-06-6.jpg
seabuckthorn-ferrosash-juice,false,7,https://biosash.com/media/uploads/products/2020-10-07-6.jpg,https://gbcnvrymoarcqrvdnnvb.supabase.co/storage/v1/object/public/product-images/gallery/seabuckthorn-ferrosash-juice/8a72d96ce6e2-2020-10-07-6.jpg
seabuckthorn-ferrosash-juice,false,8,https://biosash.com/media/uploads/products/08-6.jpg,https://gbcnvrymoarcqrvdnnvb.supabase.co/storage/v1/object/public/product-images/gallery/seabuckthorn-ferrosash-juice/a4aa656dcf05-08-6.jpg
seabuckthorn-ferrosash-juice,false,9,https://biosash.com/media/uploads/products/09-6.jpg,https://gbcnvrymoarcqrvdnnvb.supabase.co/storage/v1/object/public/product-images/gallery/seabuckthorn-ferrosash-juice/318d2252e9ee-09-6.jpg
seabuckthorn-ferrosash-juice,false,10,https://biosash.com/media/uploads/products/10-5.jpg,https://gbcnvrymoarcqrvdnnvb.supabase.co/storage/v1/object/public/product-images/gallery/seabuckthorn-ferrosash-juice/678aeecfe8f2-10-5.jpg
natural-honey-vanilla-and-beeswax-soap,true,0,https://biosash.com/media/uploads/products/HOney-Valilla.png,https://gbcnvrymoarcqrvdnnvb.supabase.co/storage/v1/object/public/product-images/gallery/natural-honey-vanilla-and-beeswax-soap/3f5d33766134-HOney-Valilla.png
under-eye-gel,true,0,https://biosash.com/media/uploads/products/2026-08-07-4.jpg,https://gbcnvrymoarcqrvdnnvb.supabase.co/storage/v1/object/public/product-images/gallery/under-eye-gel/897e74f1f495-2026-08-07-4.jpg
under-eye-gel,true,1,https://biosash.com/media/uploads/products/2026-08-01-4.jpg,https://gbcnvrymoarcqrvdnnvb.supabase.co/storage/v1/object/public/product-images/gallery/under-eye-gel/629de334ebe8-2026-08-01-4.jpg
under-eye-gel,true,2,https://biosash.com/media/uploads/products/2026-08-02-4.jpg,https://gbcnvrymoarcqrvdnnvb.supabase.co/storage/v1/object/public/product-images/gallery/under-eye-gel/f5d59e709fe5-2026-08-02-4.jpg
under-eye-gel,true,3,https://biosash.com/media/uploads/products/2026-08-03-4.jpg,https://gbcnvrymoarcqrvdnnvb.supabase.co/storage/v1/object/public/product-images/gallery/under-eye-gel/06d0a6647e9f-2026-08-03-4.jpg
under-eye-gel,true,4,https://biosash.com/media/uploads/products/2026-08-04-4.jpg,https://gbcnvrymoarcqrvdnnvb.supabase.co/storage/v1/object/public/product-images/gallery/under-eye-gel/b26eb5ee0490-2026-08-04-4.jpg
under-eye-gel,true,5,https://biosash.com/media/uploads/products/2026-08-05-4.jpg,https://gbcnvrymoarcqrvdnnvb.supabase.co/storage/v1/object/public/product-images/gallery/under-eye-gel/56fb676b8bce-2026-08-05-4.jpg
under-eye-gel,true,6,https://biosash.com/media/uploads/products/2026-08-06-4.jpg,https://gbcnvrymoarcqrvdnnvb.supabase.co/storage/v1/object/public/product-images/gallery/under-eye-gel/22178ffc89f1-2026-08-06-4.jpg
fresh-turmeric-rhizome-juice-with-guggul,false,0,https://biosash.com/media/uploads/products/Fresh-Turmeric-Rhizome-with-Guggul-250-ML.png,https://gbcnvrymoarcqrvdnnvb.supabase.co/storage/v1/object/public/product-images/gallery/fresh-turmeric-rhizome-juice-with-guggul/9cdc6dfe69bd-Fresh-Turmeric-Rhizome-with-Guggul-250-ML.png
sea-buckthorn-pulp-bathing-bar,true,0,https://biosash.com/media/uploads/products/Seabuckthorn-Bathing-Soap.png,https://gbcnvrymoarcqrvdnnvb.supabase.co/storage/v1/object/public/product-images/gallery/sea-buckthorn-pulp-bathing-bar/817cfef67838-Seabuckthorn-Bathing-Soap.png
orthosash-capsule,false,0,https://biosash.com/media/uploads/products/Biosash-Orthosash.png,https://gbcnvrymoarcqrvdnnvb.supabase.co/storage/v1/object/public/product-images/gallery/orthosash-capsule/7d7b196fdda5-Biosash-Orthosash.png
orthosash-capsule,false,1,https://biosash.com/media/uploads/products/01-35.jpg,https://gbcnvrymoarcqrvdnnvb.supabase.co/storage/v1/object/public/product-images/gallery/orthosash-capsule/c12de76e7720-01-35.jpg
orthosash-capsule,false,2,https://biosash.com/media/uploads/products/02-35.jpg,https://gbcnvrymoarcqrvdnnvb.supabase.co/storage/v1/object/public/product-images/gallery/orthosash-capsule/48ba5bf3844e-02-35.jpg
orthosash-capsule,false,3,https://biosash.com/media/uploads/products/03-35.jpg,https://gbcnvrymoarcqrvdnnvb.supabase.co/storage/v1/object/public/product-images/gallery/orthosash-capsule/696bc5f7460a-03-35.jpg
orthosash-capsule,false,4,https://biosash.com/media/uploads/products/04-34.jpg,https://gbcnvrymoarcqrvdnnvb.supabase.co/storage/v1/object/public/product-images/gallery/orthosash-capsule/58b654f1f47c-04-34.jpg
orthosash-capsule,false,5,https://biosash.com/media/uploads/products/05-16.jpg,https://gbcnvrymoarcqrvdnnvb.supabase.co/storage/v1/object/public/product-images/gallery/orthosash-capsule/7734125ecd20-05-16.jpg
grape-fruit-bathing-bar-soap,true,0,https://biosash.com/media/uploads/products/Grape-Fruit.png,https://gbcnvrymoarcqrvdnnvb.supabase.co/storage/v1/object/public/product-images/gallery/grape-fruit-bathing-bar-soap/c1febd814c84-Grape-Fruit.png
seabuckthorn-with-turmeric-oil,false,0,https://biosash.com/media/uploads/products/Sea-Buckthorn-with-Turmeric-Oil-1.png,https://gbcnvrymoarcqrvdnnvb.supabase.co/storage/v1/object/public/product-images/gallery/seabuckthorn-with-turmeric-oil/cb3e5132b6c4-Sea-Buckthorn-with-Turmeric-Oil-1.png
seabuckthorn-with-turmeric-oil,false,1,https://biosash.com/media/uploads/products/2023-10-01-3.jpg,https://gbcnvrymoarcqrvdnnvb.supabase.co/storage/v1/object/public/product-images/gallery/seabuckthorn-with-turmeric-oil/2269b276b5c4-2023-10-01-3.jpg
seabuckthorn-with-turmeric-oil,false,2,https://biosash.com/media/uploads/products/2023-10-02-3.jpg,https://gbcnvrymoarcqrvdnnvb.supabase.co/storage/v1/object/public/product-images/gallery/seabuckthorn-with-turmeric-oil/92882eb45ce2-2023-10-02-3.jpg
seabuckthorn-with-turmeric-oil,false,3,https://biosash.com/media/uploads/products/2023-10-03-3.jpg,https://gbcnvrymoarcqrvdnnvb.supabase.co/storage/v1/object/public/product-images/gallery/seabuckthorn-with-turmeric-oil/25157ca87529-2023-10-03-3.jpg
seabuckthorn-with-turmeric-oil,false,4,https://biosash.com/media/uploads/products/2023-10-04-3.jpg,https://gbcnvrymoarcqrvdnnvb.supabase.co/storage/v1/object/public/product-images/gallery/seabuckthorn-with-turmeric-oil/079f202b0b21-2023-10-04-3.jpg
seabuckthorn-with-turmeric-oil,false,5,https://biosash.com/media/uploads/products/2023-10-05-3.jpg,https://gbcnvrymoarcqrvdnnvb.supabase.co/storage/v1/object/public/product-images/gallery/seabuckthorn-with-turmeric-oil/27a90169988b-2023-10-05-3.jpg
seabuckthorn-with-turmeric-oil,false,6,https://biosash.com/media/uploads/products/2023-10-06-3.jpg,https://gbcnvrymoarcqrvdnnvb.supabase.co/storage/v1/object/public/product-images/gallery/seabuckthorn-with-turmeric-oil/8480f153e4b2-2023-10-06-3.jpg
seabuckthorn-with-turmeric-oil,false,7,https://biosash.com/media/uploads/products/2023-10-07-3.jpg,https://gbcnvrymoarcqrvdnnvb.supabase.co/storage/v1/object/public/product-images/gallery/seabuckthorn-with-turmeric-oil/d596b4d763aa-2023-10-07-3.jpg
seabuckthorn-with-turmeric-oil,false,8,https://biosash.com/media/uploads/products/2023-10-08-3.jpg,https://gbcnvrymoarcqrvdnnvb.supabase.co/storage/v1/object/public/product-images/gallery/seabuckthorn-with-turmeric-oil/addffecdb6e4-2023-10-08-3.jpg
seabuckthorn-with-turmeric-oil,false,9,https://biosash.com/media/uploads/products/2023-10-09-3.jpg,https://gbcnvrymoarcqrvdnnvb.supabase.co/storage/v1/object/public/product-images/gallery/seabuckthorn-with-turmeric-oil/d958c9a36e19-2023-10-09-3.jpg
seabuckthorn-with-turmeric-oil,false,10,https://biosash.com/media/uploads/products/2023-10-10-2.jpg,https://gbcnvrymoarcqrvdnnvb.supabase.co/storage/v1/object/public/product-images/gallery/seabuckthorn-with-turmeric-oil/b983ae44c1ae-2023-10-10-2.jpg
empower-x-tablets,false,0,https://biosash.com/media/uploads/products/Biosash-Empower-X.png,https://gbcnvrymoarcqrvdnnvb.supabase.co/storage/v1/object/public/product-images/gallery/empower-x-tablets/46da8d13eb1e-Biosash-Empower-X.png
empower-x-tablets,false,1,https://biosash.com/media/uploads/products/2023-01-01.jpg,https://gbcnvrymoarcqrvdnnvb.supabase.co/storage/v1/object/public/product-images/gallery/empower-x-tablets/4d28079b5bcc-2023-01-01.jpg
empower-x-tablets,false,2,https://biosash.com/media/uploads/products/2023-01-02.jpg,https://gbcnvrymoarcqrvdnnvb.supabase.co/storage/v1/object/public/product-images/gallery/empower-x-tablets/1fd2e0541ef3-2023-01-02.jpg
orthosash-pain-oil,false,0,https://biosash.com/media/uploads/products/2023-05-01.jpg,https://gbcnvrymoarcqrvdnnvb.supabase.co/storage/v1/object/public/product-images/gallery/orthosash-pain-oil/1d3305444ad5-2023-05-01.jpg
orthosash-pain-oil,false,1,https://biosash.com/media/uploads/products/ORTHOSASH-PAIN-OIL.webp,https://gbcnvrymoarcqrvdnnvb.supabase.co/storage/v1/object/public/product-images/gallery/orthosash-pain-oil/cbed12b4db00-ORTHOSASH-PAIN-OIL.webp
orthosash-pain-oil,false,2,https://biosash.com/media/uploads/products/2023-05-02.jpg,https://gbcnvrymoarcqrvdnnvb.supabase.co/storage/v1/object/public/product-images/gallery/orthosash-pain-oil/e739c29f8910-2023-05-02.jpg
orthosash-pain-oil,false,3,https://biosash.com/media/uploads/products/2023-05-03.jpg,https://gbcnvrymoarcqrvdnnvb.supabase.co/storage/v1/object/public/product-images/gallery/orthosash-pain-oil/b03c41b518e7-2023-05-03.jpg
orthosash-pain-oil,false,4,https://biosash.com/media/uploads/products/2023-05-04.jpg,https://gbcnvrymoarcqrvdnnvb.supabase.co/storage/v1/object/public/product-images/gallery/orthosash-pain-oil/1ac23c9574b5-2023-05-04.jpg
orthosash-pain-oil,false,5,https://biosash.com/media/uploads/products/2023-05-05.jpg,https://gbcnvrymoarcqrvdnnvb.supabase.co/storage/v1/object/public/product-images/gallery/orthosash-pain-oil/07bfbbdbec47-2023-05-05.jpg
orthosash-pain-oil,false,6,https://biosash.com/media/uploads/products/2023-05-06.jpg,https://gbcnvrymoarcqrvdnnvb.supabase.co/storage/v1/object/public/product-images/gallery/orthosash-pain-oil/e854bf4d2019-2023-05-06.jpg
seabuckthorn-natural-after-bath-oil,true,0,https://biosash.com/media/uploads/products/Biosash-SEABUCKTHORN-NATURAL-AFTER-BATH-OIL.png,https://gbcnvrymoarcqrvdnnvb.supabase.co/storage/v1/object/public/product-images/gallery/seabuckthorn-natural-after-bath-oil/d8011e1473c2-Biosash-SEABUCKTHORN-NATURAL-AFTER-BATH-OIL.png
seabuckthorn-natural-after-bath-oil,true,1,https://biosash.com/media/uploads/products/01-36.jpg,https://gbcnvrymoarcqrvdnnvb.supabase.co/storage/v1/object/public/product-images/gallery/seabuckthorn-natural-after-bath-oil/cfc487e4974d-01-36.jpg
seabuckthorn-natural-after-bath-oil,true,2,https://biosash.com/media/uploads/products/02-36.jpg,https://gbcnvrymoarcqrvdnnvb.supabase.co/storage/v1/object/public/product-images/gallery/seabuckthorn-natural-after-bath-oil/ea6b3db3b97b-02-36.jpg
seabuckthorn-natural-after-bath-oil,true,3,https://biosash.com/media/uploads/products/03-36.jpg,https://gbcnvrymoarcqrvdnnvb.supabase.co/storage/v1/object/public/product-images/gallery/seabuckthorn-natural-after-bath-oil/fdfb5de20872-03-36.jpg
seabuckthorn-natural-after-bath-oil,true,4,https://biosash.com/media/uploads/products/04-35.jpg,https://gbcnvrymoarcqrvdnnvb.supabase.co/storage/v1/object/public/product-images/gallery/seabuckthorn-natural-after-bath-oil/04cb7c3067db-04-35.jpg
sea-buckthorn-leaves,true,0,https://biosash.com/media/uploads/products/SBT-Leaves-Front.jpg,https://gbcnvrymoarcqrvdnnvb.supabase.co/storage/v1/object/public/product-images/gallery/sea-buckthorn-leaves/157a4692e9a8-SBT-Leaves-Front.jpg
sea-buckthorn-leaves,true,1,https://biosash.com/media/uploads/products/2025-08-01-1.jpg,https://gbcnvrymoarcqrvdnnvb.supabase.co/storage/v1/object/public/product-images/gallery/sea-buckthorn-leaves/0373923d47d4-2025-08-01-1.jpg
sea-buckthorn-leaves,true,2,https://biosash.com/media/uploads/products/2025-08-02-1.jpg,https://gbcnvrymoarcqrvdnnvb.supabase.co/storage/v1/object/public/product-images/gallery/sea-buckthorn-leaves/e36564eafcb7-2025-08-02-1.jpg
sea-buckthorn-leaves,true,3,https://biosash.com/media/uploads/products/2025-08-03-1.jpg,https://gbcnvrymoarcqrvdnnvb.supabase.co/storage/v1/object/public/product-images/gallery/sea-buckthorn-leaves/cbff0f9d978d-2025-08-03-1.jpg
sea-buckthorn-leaves,true,4,https://biosash.com/media/uploads/products/2025-08-04-1.jpg,https://gbcnvrymoarcqrvdnnvb.supabase.co/storage/v1/object/public/product-images/gallery/sea-buckthorn-leaves/a6fbb1e1ea5d-2025-08-04-1.jpg
sea-buckthorn-leaves,true,5,https://biosash.com/media/uploads/products/2025-08-05-1.jpg,https://gbcnvrymoarcqrvdnnvb.supabase.co/storage/v1/object/public/product-images/gallery/sea-buckthorn-leaves/ca332fc37fa0-2025-08-05-1.jpg
seabuckthorn-detoxo-juice,true,0,https://biosash.com/media/uploads/products/Sea-buckthorn-Detoxo-Juice.png,https://gbcnvrymoarcqrvdnnvb.supabase.co/storage/v1/object/public/product-images/gallery/seabuckthorn-detoxo-juice/515ce374c8ba-Sea-buckthorn-Detoxo-Juice.png
seabuckthorn-detoxo-juice,true,1,https://biosash.com/media/uploads/products/2020-10-01-3.jpg,https://gbcnvrymoarcqrvdnnvb.supabase.co/storage/v1/object/public/product-images/gallery/seabuckthorn-detoxo-juice/0cc5baf88a5e-2020-10-01-3.jpg
seabuckthorn-detoxo-juice,true,2,https://biosash.com/media/uploads/products/2020-10-02-3.jpg,https://gbcnvrymoarcqrvdnnvb.supabase.co/storage/v1/object/public/product-images/gallery/seabuckthorn-detoxo-juice/a7c879e1f855-2020-10-02-3.jpg
seabuckthorn-detoxo-juice,true,3,https://biosash.com/media/uploads/products/2020-10-03-3.jpg,https://gbcnvrymoarcqrvdnnvb.supabase.co/storage/v1/object/public/product-images/gallery/seabuckthorn-detoxo-juice/5272b36d6462-2020-10-03-3.jpg
seabuckthorn-detoxo-juice,true,4,https://biosash.com/media/uploads/products/2020-10-04-3.jpg,https://gbcnvrymoarcqrvdnnvb.supabase.co/storage/v1/object/public/product-images/gallery/seabuckthorn-detoxo-juice/859e00b8c22b-2020-10-04-3.jpg
seabuckthorn-detoxo-juice,true,5,https://biosash.com/media/uploads/products/2020-10-05-3.jpg,https://gbcnvrymoarcqrvdnnvb.supabase.co/storage/v1/object/public/product-images/gallery/seabuckthorn-detoxo-juice/64fbef462e31-2020-10-05-3.jpg
seabuckthorn-detoxo-juice,true,6,https://biosash.com/media/uploads/products/2020-10-06-3.jpg,https://gbcnvrymoarcqrvdnnvb.supabase.co/storage/v1/object/public/product-images/gallery/seabuckthorn-detoxo-juice/bbc2bad2a6fb-2020-10-06-3.jpg
seabuckthorn-detoxo-juice,true,7,https://biosash.com/media/uploads/products/2020-10-07-3.jpg,https://gbcnvrymoarcqrvdnnvb.supabase.co/storage/v1/object/public/product-images/gallery/seabuckthorn-detoxo-juice/54713137fc3f-2020-10-07-3.jpg
seabuckthorn-detoxo-juice,true,8,https://biosash.com/media/uploads/products/2020-10-08-3.jpg,https://gbcnvrymoarcqrvdnnvb.supabase.co/storage/v1/object/public/product-images/gallery/seabuckthorn-detoxo-juice/1a2022257e5d-2020-10-08-3.jpg
seabuckthorn-detoxo-juice,true,9,https://biosash.com/media/uploads/products/2020-10-09-3.jpg,https://gbcnvrymoarcqrvdnnvb.supabase.co/storage/v1/object/public/product-images/gallery/seabuckthorn-detoxo-juice/3ad935b0f8c8-2020-10-09-3.jpg
seabuckthorn-detoxo-juice,true,10,https://biosash.com/media/uploads/products/2020-10-10-2.jpg,https://gbcnvrymoarcqrvdnnvb.supabase.co/storage/v1/object/public/product-images/gallery/seabuckthorn-detoxo-juice/14cc3d71a30d-2020-10-10-2.jpg
cocosash-tablets,true,0,https://biosash.com/media/uploads/products/Cocosash.png,https://gbcnvrymoarcqrvdnnvb.supabase.co/storage/v1/object/public/product-images/gallery/cocosash-tablets/b8c888d56bb1-Cocosash.png
seabuckthorn-giloysash-juice,false,0,https://biosash.com/media/uploads/products/Sea-buckthorn-Giloysash-Juice.png,https://gbcnvrymoarcqrvdnnvb.supabase.co/storage/v1/object/public/product-images/gallery/seabuckthorn-giloysash-juice/63e81e2ba006-Sea-buckthorn-Giloysash-Juice.png
seabuckthorn-giloysash-juice,false,1,https://biosash.com/media/uploads/products/2020-10-01-7.jpg,https://gbcnvrymoarcqrvdnnvb.supabase.co/storage/v1/object/public/product-images/gallery/seabuckthorn-giloysash-juice/44516b436032-2020-10-01-7.jpg
seabuckthorn-giloysash-juice,false,2,https://biosash.com/media/uploads/products/2020-10-02-7.jpg,https://gbcnvrymoarcqrvdnnvb.supabase.co/storage/v1/object/public/product-images/gallery/seabuckthorn-giloysash-juice/8f6c2ac4d60b-2020-10-02-7.jpg
seabuckthorn-giloysash-juice,false,3,https://biosash.com/media/uploads/products/2020-10-03-7.jpg,https://gbcnvrymoarcqrvdnnvb.supabase.co/storage/v1/object/public/product-images/gallery/seabuckthorn-giloysash-juice/eb09f6c67cc1-2020-10-03-7.jpg
seabuckthorn-giloysash-juice,false,4,https://biosash.com/media/uploads/products/2020-10-04-7.jpg,https://gbcnvrymoarcqrvdnnvb.supabase.co/storage/v1/object/public/product-images/gallery/seabuckthorn-giloysash-juice/1f3b4241c549-2020-10-04-7.jpg
seabuckthorn-giloysash-juice,false,5,https://biosash.com/media/uploads/products/2020-10-05-7.jpg,https://gbcnvrymoarcqrvdnnvb.supabase.co/storage/v1/object/public/product-images/gallery/seabuckthorn-giloysash-juice/a8b5ec486cbf-2020-10-05-7.jpg
seabuckthorn-giloysash-juice,false,6,https://biosash.com/media/uploads/products/2020-10-06-7.jpg,https://gbcnvrymoarcqrvdnnvb.supabase.co/storage/v1/object/public/product-images/gallery/seabuckthorn-giloysash-juice/13a4b01077be-2020-10-06-7.jpg
seabuckthorn-giloysash-juice,false,7,https://biosash.com/media/uploads/products/2020-10-07-7.jpg,https://gbcnvrymoarcqrvdnnvb.supabase.co/storage/v1/object/public/product-images/gallery/seabuckthorn-giloysash-juice/7fddc122af9d-2020-10-07-7.jpg
seabuckthorn-giloysash-juice,false,8,https://biosash.com/media/uploads/products/08-7.jpg,https://gbcnvrymoarcqrvdnnvb.supabase.co/storage/v1/object/public/product-images/gallery/seabuckthorn-giloysash-juice/4278610809fe-08-7.jpg
seabuckthorn-giloysash-juice,false,9,https://biosash.com/media/uploads/products/09-7.jpg,https://gbcnvrymoarcqrvdnnvb.supabase.co/storage/v1/object/public/product-images/gallery/seabuckthorn-giloysash-juice/f358fca8d29f-09-7.jpg
seabuckthorn-natural-massage-oil,true,0,https://biosash.com/media/uploads/products/Biosash-SEABUCKTHORN-NATURAL-MASSAGE-OIL.png,https://gbcnvrymoarcqrvdnnvb.supabase.co/storage/v1/object/public/product-images/gallery/seabuckthorn-natural-massage-oil/e935525f8ea3-Biosash-SEABUCKTHORN-NATURAL-MASSAGE-OIL.png
seabuckthorn-natural-massage-oil,true,1,https://biosash.com/media/uploads/products/01-24.jpg,https://gbcnvrymoarcqrvdnnvb.supabase.co/storage/v1/object/public/product-images/gallery/seabuckthorn-natural-massage-oil/7019b4ec2bab-01-24.jpg
seabuckthorn-natural-massage-oil,true,2,https://biosash.com/media/uploads/products/02-24.jpg,https://gbcnvrymoarcqrvdnnvb.supabase.co/storage/v1/object/public/product-images/gallery/seabuckthorn-natural-massage-oil/52c41bca0ef2-02-24.jpg
seabuckthorn-natural-massage-oil,true,3,https://biosash.com/media/uploads/products/03-24.jpg,https://gbcnvrymoarcqrvdnnvb.supabase.co/storage/v1/object/public/product-images/gallery/seabuckthorn-natural-massage-oil/190122ed30c9-03-24.jpg
seabuckthorn-natural-massage-oil,true,4,https://biosash.com/media/uploads/products/04-24.jpg,https://gbcnvrymoarcqrvdnnvb.supabase.co/storage/v1/object/public/product-images/gallery/seabuckthorn-natural-massage-oil/1db697bbc8c5-04-24.jpg
urisash-tablets,true,0,https://biosash.com/media/uploads/products/Biosash-Urisash.png,https://gbcnvrymoarcqrvdnnvb.supabase.co/storage/v1/object/public/product-images/gallery/urisash-tablets/7df969c27977-Biosash-Urisash.png
hair-serum-with-squalene,true,0,https://biosash.com/media/uploads/products/2026-08-01-3.jpg,https://gbcnvrymoarcqrvdnnvb.supabase.co/storage/v1/object/public/product-images/gallery/hair-serum-with-squalene/496d7bf69d5b-2026-08-01-3.jpg
hair-serum-with-squalene,true,1,https://biosash.com/media/uploads/products/2026-08-02-3.jpg,https://gbcnvrymoarcqrvdnnvb.supabase.co/storage/v1/object/public/product-images/gallery/hair-serum-with-squalene/120c9d856dc0-2026-08-02-3.jpg
hair-serum-with-squalene,true,2,https://biosash.com/media/uploads/products/2026-08-03-3.jpg,https://gbcnvrymoarcqrvdnnvb.supabase.co/storage/v1/object/public/product-images/gallery/hair-serum-with-squalene/1a6a40e9e092-2026-08-03-3.jpg
hair-serum-with-squalene,true,3,https://biosash.com/media/uploads/products/2026-08-04-3.jpg,https://gbcnvrymoarcqrvdnnvb.supabase.co/storage/v1/object/public/product-images/gallery/hair-serum-with-squalene/fa5c5ecf368a-2026-08-04-3.jpg
hair-serum-with-squalene,true,4,https://biosash.com/media/uploads/products/2026-08-05-3.jpg,https://gbcnvrymoarcqrvdnnvb.supabase.co/storage/v1/object/public/product-images/gallery/hair-serum-with-squalene/b0ec9023e019-2026-08-05-3.jpg
hair-serum-with-squalene,true,5,https://biosash.com/media/uploads/products/2026-08-06-3.jpg,https://gbcnvrymoarcqrvdnnvb.supabase.co/storage/v1/object/public/product-images/gallery/hair-serum-with-squalene/3fe63daddf7f-2026-08-06-3.jpg
hair-serum-with-squalene,true,6,https://biosash.com/media/uploads/products/2026-08-07-3.jpg,https://gbcnvrymoarcqrvdnnvb.supabase.co/storage/v1/object/public/product-images/gallery/hair-serum-with-squalene/642642422130-2026-08-07-3.jpg
luxury-night-cream,true,0,https://biosash.com/media/uploads/products/Luxury-Night.png,https://gbcnvrymoarcqrvdnnvb.supabase.co/storage/v1/object/public/product-images/gallery/luxury-night-cream/a41da6ccd864-Luxury-Night.png
luxury-night-cream,true,1,https://biosash.com/media/uploads/products/01-12.jpg,https://gbcnvrymoarcqrvdnnvb.supabase.co/storage/v1/object/public/product-images/gallery/luxury-night-cream/794c53e6365c-01-12.jpg
luxury-night-cream,true,2,https://biosash.com/media/uploads/products/02-12.jpg,https://gbcnvrymoarcqrvdnnvb.supabase.co/storage/v1/object/public/product-images/gallery/luxury-night-cream/638fde9cbc21-02-12.jpg
luxury-night-cream,true,3,https://biosash.com/media/uploads/products/03-12.jpg,https://gbcnvrymoarcqrvdnnvb.supabase.co/storage/v1/object/public/product-images/gallery/luxury-night-cream/4679fa829107-03-12.jpg
luxury-night-cream,true,4,https://biosash.com/media/uploads/products/04-12.jpg,https://gbcnvrymoarcqrvdnnvb.supabase.co/storage/v1/object/public/product-images/gallery/luxury-night-cream/0b9e68c1d17f-04-12.jpg
seabuckthorn-skin-toner,true,0,https://biosash.com/media/uploads/products/2026-08-01-10.jpg,https://gbcnvrymoarcqrvdnnvb.supabase.co/storage/v1/object/public/product-images/gallery/seabuckthorn-skin-toner/f5b608732e83-2026-08-01-10.jpg
seabuckthorn-skin-toner,true,1,https://biosash.com/media/uploads/products/2026-08-02-10.jpg,https://gbcnvrymoarcqrvdnnvb.supabase.co/storage/v1/object/public/product-images/gallery/seabuckthorn-skin-toner/9742bc803489-2026-08-02-10.jpg
seabuckthorn-skin-toner,true,2,https://biosash.com/media/uploads/products/2026-08-03-10.jpg,https://gbcnvrymoarcqrvdnnvb.supabase.co/storage/v1/object/public/product-images/gallery/seabuckthorn-skin-toner/0d9fe5391d6f-2026-08-03-10.jpg
seabuckthorn-skin-toner,true,3,https://biosash.com/media/uploads/products/2026-08-04-10.jpg,https://gbcnvrymoarcqrvdnnvb.supabase.co/storage/v1/object/public/product-images/gallery/seabuckthorn-skin-toner/98bdcc0ccfec-2026-08-04-10.jpg
seabuckthorn-skin-toner,true,4,https://biosash.com/media/uploads/products/2026-08-05-10.jpg,https://gbcnvrymoarcqrvdnnvb.supabase.co/storage/v1/object/public/product-images/gallery/seabuckthorn-skin-toner/19c4b9d99c92-2026-08-05-10.jpg
seabuckthorn-skin-toner,true,5,https://biosash.com/media/uploads/products/2026-08-06-10.jpg,https://gbcnvrymoarcqrvdnnvb.supabase.co/storage/v1/object/public/product-images/gallery/seabuckthorn-skin-toner/e7f97c23b96e-2026-08-06-10.jpg
seabuckthorn-skin-toner,true,6,https://biosash.com/media/uploads/products/2026-08-07-10.jpg,https://gbcnvrymoarcqrvdnnvb.supabase.co/storage/v1/object/public/product-images/gallery/seabuckthorn-skin-toner/afb5af986781-2026-08-07-10.jpg
wellsash-sea-buckthorn-juice,true,0,https://biosash.com/media/uploads/products/Wellsach.png,https://gbcnvrymoarcqrvdnnvb.supabase.co/storage/v1/object/public/product-images/gallery/wellsash-sea-buckthorn-juice/b90e80ee184a-Wellsach.png
wellsash-sea-buckthorn-juice,true,1,https://biosash.com/media/uploads/products/01-41.jpg,https://gbcnvrymoarcqrvdnnvb.supabase.co/storage/v1/object/public/product-images/gallery/wellsash-sea-buckthorn-juice/8aa5b3b5011d-01-41.jpg
wellsash-sea-buckthorn-juice,true,2,https://biosash.com/media/uploads/products/02-41.jpg,https://gbcnvrymoarcqrvdnnvb.supabase.co/storage/v1/object/public/product-images/gallery/wellsash-sea-buckthorn-juice/31d028267be1-02-41.jpg
wellsash-sea-buckthorn-juice,true,3,https://biosash.com/media/uploads/products/03-41.jpg,https://gbcnvrymoarcqrvdnnvb.supabase.co/storage/v1/object/public/product-images/gallery/wellsash-sea-buckthorn-juice/4a69b95071da-03-41.jpg
wellsash-sea-buckthorn-juice,true,4,https://biosash.com/media/uploads/products/04-39.jpg,https://gbcnvrymoarcqrvdnnvb.supabase.co/storage/v1/object/public/product-images/gallery/wellsash-sea-buckthorn-juice/7f88a77147cb-04-39.jpg
wellsash-sea-buckthorn-juice,true,5,https://biosash.com/media/uploads/products/05-18.jpg,https://gbcnvrymoarcqrvdnnvb.supabase.co/storage/v1/object/public/product-images/gallery/wellsash-sea-buckthorn-juice/8f685ac0be13-05-18.jpg
wellsash-sea-buckthorn-juice,true,6,https://biosash.com/media/uploads/products/06-14.jpg,https://gbcnvrymoarcqrvdnnvb.supabase.co/storage/v1/object/public/product-images/gallery/wellsash-sea-buckthorn-juice/6248501eba2f-06-14.jpg
wellsash-sea-buckthorn-juice,true,7,https://biosash.com/media/uploads/products/07-13.jpg,https://gbcnvrymoarcqrvdnnvb.supabase.co/storage/v1/object/public/product-images/gallery/wellsash-sea-buckthorn-juice/124a5e60dba2-07-13.jpg
wellsash-sea-buckthorn-juice,true,8,https://biosash.com/media/uploads/products/08-12.jpg,https://gbcnvrymoarcqrvdnnvb.supabase.co/storage/v1/object/public/product-images/gallery/wellsash-sea-buckthorn-juice/7805e05625e2-08-12.jpg
wellsash-sea-buckthorn-juice,true,9,https://biosash.com/media/uploads/products/09-12.jpg,https://gbcnvrymoarcqrvdnnvb.supabase.co/storage/v1/object/public/product-images/gallery/wellsash-sea-buckthorn-juice/d43736b9af04-09-12.jpg
wellsash-sea-buckthorn-juice,true,10,https://biosash.com/media/uploads/products/10-9.jpg,https://gbcnvrymoarcqrvdnnvb.supabase.co/storage/v1/object/public/product-images/gallery/wellsash-sea-buckthorn-juice/e0c8552a50e3-10-9.jpg
wellsash-sea-buckthorn-juice,true,11,https://biosash.com/media/uploads/products/11.jpg,https://gbcnvrymoarcqrvdnnvb.supabase.co/storage/v1/object/public/product-images/gallery/wellsash-sea-buckthorn-juice/b3acdc13f0f0-11.jpg
seabuckthorn-bioradiance-juice,true,0,https://biosash.com/media/uploads/products/Sea-buckthorn-Bioradiance-Juice.png,https://gbcnvrymoarcqrvdnnvb.supabase.co/storage/v1/object/public/product-images/gallery/seabuckthorn-bioradiance-juice/4d6bcf3ddca3-Sea-buckthorn-Bioradiance-Juice.png
seabuckthorn-bioradiance-juice,true,1,https://biosash.com/media/uploads/products/2020-10-01-1.jpg,https://gbcnvrymoarcqrvdnnvb.supabase.co/storage/v1/object/public/product-images/gallery/seabuckthorn-bioradiance-juice/804aa0807bb5-2020-10-01-1.jpg
seabuckthorn-bioradiance-juice,true,2,https://biosash.com/media/uploads/products/2020-10-02-1.jpg,https://gbcnvrymoarcqrvdnnvb.supabase.co/storage/v1/object/public/product-images/gallery/seabuckthorn-bioradiance-juice/f271dad3f2f1-2020-10-02-1.jpg
seabuckthorn-bioradiance-juice,true,3,https://biosash.com/media/uploads/products/2020-10-03-1.jpg,https://gbcnvrymoarcqrvdnnvb.supabase.co/storage/v1/object/public/product-images/gallery/seabuckthorn-bioradiance-juice/df6d02921058-2020-10-03-1.jpg
seabuckthorn-bioradiance-juice,true,4,https://biosash.com/media/uploads/products/2020-10-04-1.jpg,https://gbcnvrymoarcqrvdnnvb.supabase.co/storage/v1/object/public/product-images/gallery/seabuckthorn-bioradiance-juice/4a707b9f6279-2020-10-04-1.jpg
seabuckthorn-bioradiance-juice,true,5,https://biosash.com/media/uploads/products/2020-10-05-1.jpg,https://gbcnvrymoarcqrvdnnvb.supabase.co/storage/v1/object/public/product-images/gallery/seabuckthorn-bioradiance-juice/4d71ae5aeedd-2020-10-05-1.jpg
seabuckthorn-bioradiance-juice,true,6,https://biosash.com/media/uploads/products/2020-10-06-1.jpg,https://gbcnvrymoarcqrvdnnvb.supabase.co/storage/v1/object/public/product-images/gallery/seabuckthorn-bioradiance-juice/ecd05504e168-2020-10-06-1.jpg
seabuckthorn-bioradiance-juice,true,7,https://biosash.com/media/uploads/products/2020-10-07-1.jpg,https://gbcnvrymoarcqrvdnnvb.supabase.co/storage/v1/object/public/product-images/gallery/seabuckthorn-bioradiance-juice/8cea2661b570-2020-10-07-1.jpg
seabuckthorn-bioradiance-juice,true,8,https://biosash.com/media/uploads/products/2020-10-08-1.jpg,https://gbcnvrymoarcqrvdnnvb.supabase.co/storage/v1/object/public/product-images/gallery/seabuckthorn-bioradiance-juice/48cf4c156b80-2020-10-08-1.jpg
seabuckthorn-bioradiance-juice,true,9,https://biosash.com/media/uploads/products/2020-10-09-1.jpg,https://gbcnvrymoarcqrvdnnvb.supabase.co/storage/v1/object/public/product-images/gallery/seabuckthorn-bioradiance-juice/161115ac2092-2020-10-09-1.jpg
lemon-face-gel,true,0,https://biosash.com/media/uploads/products/lemon-face-gel.png,https://gbcnvrymoarcqrvdnnvb.supabase.co/storage/v1/object/public/product-images/gallery/lemon-face-gel/ba82dbb5b50c-lemon-face-gel.png
lemon-face-gel,true,1,https://biosash.com/media/uploads/products/2020-10-01-11.jpg,https://gbcnvrymoarcqrvdnnvb.supabase.co/storage/v1/object/public/product-images/gallery/lemon-face-gel/bf147e1498bf-2020-10-01-11.jpg
lemon-face-gel,true,2,https://biosash.com/media/uploads/products/2020-10-02-11.jpg,https://gbcnvrymoarcqrvdnnvb.supabase.co/storage/v1/object/public/product-images/gallery/lemon-face-gel/ff8838712964-2020-10-02-11.jpg
lemon-face-gel,true,3,https://biosash.com/media/uploads/products/2020-10-03-11.jpg,https://gbcnvrymoarcqrvdnnvb.supabase.co/storage/v1/object/public/product-images/gallery/lemon-face-gel/e1837474cb44-2020-10-03-11.jpg
lemon-face-gel,true,4,https://biosash.com/media/uploads/products/2020-10-04-11.jpg,https://gbcnvrymoarcqrvdnnvb.supabase.co/storage/v1/object/public/product-images/gallery/lemon-face-gel/59d8bbf6e0ca-2020-10-04-11.jpg
aloe-vera-protein-shampoo,true,0,https://biosash.com/media/uploads/products/ALOEVERA-PROTEIN-SHAMPOO.png,https://gbcnvrymoarcqrvdnnvb.supabase.co/storage/v1/object/public/product-images/gallery/aloe-vera-protein-shampoo/22514541c64a-ALOEVERA-PROTEIN-SHAMPOO.png
aloe-vera-protein-shampoo,true,1,https://biosash.com/media/uploads/products/01-29.jpg,https://gbcnvrymoarcqrvdnnvb.supabase.co/storage/v1/object/public/product-images/gallery/aloe-vera-protein-shampoo/b247e187b327-01-29.jpg
aloe-vera-protein-shampoo,true,2,https://biosash.com/media/uploads/products/02-29.jpg,https://gbcnvrymoarcqrvdnnvb.supabase.co/storage/v1/object/public/product-images/gallery/aloe-vera-protein-shampoo/e00b60d0f61a-02-29.jpg
aloe-vera-protein-shampoo,true,3,https://biosash.com/media/uploads/products/03-29.jpg,https://gbcnvrymoarcqrvdnnvb.supabase.co/storage/v1/object/public/product-images/gallery/aloe-vera-protein-shampoo/e506f6ce2e64-03-29.jpg
aloe-vera-protein-shampoo,true,4,https://biosash.com/media/uploads/products/04-28.jpg,https://gbcnvrymoarcqrvdnnvb.supabase.co/storage/v1/object/public/product-images/gallery/aloe-vera-protein-shampoo/a10217a55866-04-28.jpg
beard-cream,true,0,https://biosash.com/media/uploads/products/Beard-Cream.png,https://gbcnvrymoarcqrvdnnvb.supabase.co/storage/v1/object/public/product-images/gallery/beard-cream/751aa884990e-Beard-Cream.png
beard-cream,true,1,https://biosash.com/media/uploads/products/01-15.jpg,https://gbcnvrymoarcqrvdnnvb.supabase.co/storage/v1/object/public/product-images/gallery/beard-cream/cee5182082df-01-15.jpg
beard-cream,true,2,https://biosash.com/media/uploads/products/02-15.jpg,https://gbcnvrymoarcqrvdnnvb.supabase.co/storage/v1/object/public/product-images/gallery/beard-cream/981d298995d9-02-15.jpg
beard-cream,true,3,https://biosash.com/media/uploads/products/03-15.jpg,https://gbcnvrymoarcqrvdnnvb.supabase.co/storage/v1/object/public/product-images/gallery/beard-cream/7d80c0b7c0df-03-15.jpg
beard-cream,true,4,https://biosash.com/media/uploads/products/04-15.jpg,https://gbcnvrymoarcqrvdnnvb.supabase.co/storage/v1/object/public/product-images/gallery/beard-cream/6ebbd0985272-04-15.jpg
vitamin-c-face-serum,true,0,https://biosash.com/media/uploads/products/2026-08-01.jpg,https://gbcnvrymoarcqrvdnnvb.supabase.co/storage/v1/object/public/product-images/gallery/vitamin-c-face-serum/331af399ff5c-2026-08-01.jpg
vitamin-c-face-serum,true,1,https://biosash.com/media/uploads/products/2026-08-02.jpg,https://gbcnvrymoarcqrvdnnvb.supabase.co/storage/v1/object/public/product-images/gallery/vitamin-c-face-serum/aad7281007c5-2026-08-02.jpg
vitamin-c-face-serum,true,2,https://biosash.com/media/uploads/products/2026-08-03.jpg,https://gbcnvrymoarcqrvdnnvb.supabase.co/storage/v1/object/public/product-images/gallery/vitamin-c-face-serum/c517c08cbe10-2026-08-03.jpg
vitamin-c-face-serum,true,3,https://biosash.com/media/uploads/products/2026-08-04.jpg,https://gbcnvrymoarcqrvdnnvb.supabase.co/storage/v1/object/public/product-images/gallery/vitamin-c-face-serum/6ef82f61d5fd-2026-08-04.jpg
vitamin-c-face-serum,true,4,https://biosash.com/media/uploads/products/2026-08-05.jpg,https://gbcnvrymoarcqrvdnnvb.supabase.co/storage/v1/object/public/product-images/gallery/vitamin-c-face-serum/def325f1227d-2026-08-05.jpg
vitamin-c-face-serum,true,5,https://biosash.com/media/uploads/products/2026-08-06.jpg,https://gbcnvrymoarcqrvdnnvb.supabase.co/storage/v1/object/public/product-images/gallery/vitamin-c-face-serum/ae8caef65f86-2026-08-06.jpg
vitamin-c-face-serum,true,6,https://biosash.com/media/uploads/products/2026-08-07.jpg,https://gbcnvrymoarcqrvdnnvb.supabase.co/storage/v1/object/public/product-images/gallery/vitamin-c-face-serum/223912dd977b-2026-08-07.jpg
seabuckthorn-memorysash-juice,false,0,https://biosash.com/media/uploads/products/Sea-buckthorn-Memorysash-Juice.png,https://gbcnvrymoarcqrvdnnvb.supabase.co/storage/v1/object/public/product-images/gallery/seabuckthorn-memorysash-juice/31dfd5e51558-Sea-buckthorn-Memorysash-Juice.png
seabuckthorn-memorysash-juice,false,1,https://biosash.com/media/uploads/products/2020-10-01-9.jpg,https://gbcnvrymoarcqrvdnnvb.supabase.co/storage/v1/object/public/product-images/gallery/seabuckthorn-memorysash-juice/773c375e0476-2020-10-01-9.jpg
seabuckthorn-memorysash-juice,false,2,https://biosash.com/media/uploads/products/2020-10-02-9.jpg,https://gbcnvrymoarcqrvdnnvb.supabase.co/storage/v1/object/public/product-images/gallery/seabuckthorn-memorysash-juice/0f52327836a7-2020-10-02-9.jpg
seabuckthorn-memorysash-juice,false,3,https://biosash.com/media/uploads/products/2020-10-03-9.jpg,https://gbcnvrymoarcqrvdnnvb.supabase.co/storage/v1/object/public/product-images/gallery/seabuckthorn-memorysash-juice/3bf9daadf51a-2020-10-03-9.jpg
seabuckthorn-memorysash-juice,false,4,https://biosash.com/media/uploads/products/2020-10-04-9.jpg,https://gbcnvrymoarcqrvdnnvb.supabase.co/storage/v1/object/public/product-images/gallery/seabuckthorn-memorysash-juice/86617193a524-2020-10-04-9.jpg
seabuckthorn-memorysash-juice,false,5,https://biosash.com/media/uploads/products/2020-10-05-9.jpg,https://gbcnvrymoarcqrvdnnvb.supabase.co/storage/v1/object/public/product-images/gallery/seabuckthorn-memorysash-juice/ef9535a97822-2020-10-05-9.jpg
seabuckthorn-memorysash-juice,false,6,https://biosash.com/media/uploads/products/2020-10-06-9.jpg,https://gbcnvrymoarcqrvdnnvb.supabase.co/storage/v1/object/public/product-images/gallery/seabuckthorn-memorysash-juice/c1fadfbaff9d-2020-10-06-9.jpg
seabuckthorn-memorysash-juice,false,7,https://biosash.com/media/uploads/products/2020-10-07-9.jpg,https://gbcnvrymoarcqrvdnnvb.supabase.co/storage/v1/object/public/product-images/gallery/seabuckthorn-memorysash-juice/8eca98d2643f-2020-10-07-9.jpg
seabuckthorn-memorysash-juice,false,8,https://biosash.com/media/uploads/products/08-9.jpg,https://gbcnvrymoarcqrvdnnvb.supabase.co/storage/v1/object/public/product-images/gallery/seabuckthorn-memorysash-juice/5badcb79adf9-08-9.jpg
seabuckthorn-memorysash-juice,false,9,https://biosash.com/media/uploads/products/09-9.jpg,https://gbcnvrymoarcqrvdnnvb.supabase.co/storage/v1/object/public/product-images/gallery/seabuckthorn-memorysash-juice/e995d8976280-09-9.jpg
hair-and-scalp-serum,true,0,https://biosash.com/media/uploads/products/2026-08-01-2.jpg,https://gbcnvrymoarcqrvdnnvb.supabase.co/storage/v1/object/public/product-images/gallery/hair-and-scalp-serum/d08d54bddf5e-2026-08-01-2.jpg
hair-and-scalp-serum,true,1,https://biosash.com/media/uploads/products/2026-08-02-2.jpg,https://gbcnvrymoarcqrvdnnvb.supabase.co/storage/v1/object/public/product-images/gallery/hair-and-scalp-serum/a2f8909b9f37-2026-08-02-2.jpg
hair-and-scalp-serum,true,2,https://biosash.com/media/uploads/products/2026-08-03-2.jpg,https://gbcnvrymoarcqrvdnnvb.supabase.co/storage/v1/object/public/product-images/gallery/hair-and-scalp-serum/241f785ff668-2026-08-03-2.jpg
hair-and-scalp-serum,true,3,https://biosash.com/media/uploads/products/2026-08-04-2.jpg,https://gbcnvrymoarcqrvdnnvb.supabase.co/storage/v1/object/public/product-images/gallery/hair-and-scalp-serum/fd94d1445a11-2026-08-04-2.jpg
hair-and-scalp-serum,true,4,https://biosash.com/media/uploads/products/2026-08-05-2.jpg,https://gbcnvrymoarcqrvdnnvb.supabase.co/storage/v1/object/public/product-images/gallery/hair-and-scalp-serum/1fa07f298470-2026-08-05-2.jpg
hair-and-scalp-serum,true,5,https://biosash.com/media/uploads/products/2026-08-06-2.jpg,https://gbcnvrymoarcqrvdnnvb.supabase.co/storage/v1/object/public/product-images/gallery/hair-and-scalp-serum/659eba7cb81a-2026-08-06-2.jpg
hair-and-scalp-serum,true,6,https://biosash.com/media/uploads/products/2026-08-07-2.jpg,https://gbcnvrymoarcqrvdnnvb.supabase.co/storage/v1/object/public/product-images/gallery/hair-and-scalp-serum/b1e4d9be94b5-2026-08-07-2.jpg
vitamin-e-daily-moisturising-cream,true,0,https://biosash.com/media/uploads/products/vitamin-e-daily-cream.png,https://gbcnvrymoarcqrvdnnvb.supabase.co/storage/v1/object/public/product-images/gallery/vitamin-e-daily-moisturising-cream/f58e528e09e6-vitamin-e-daily-cream.png
sea-buckthorn-oil-capsule,false,0,https://biosash.com/media/uploads/products/Seabuckthorn-Seed-oil.png,https://gbcnvrymoarcqrvdnnvb.supabase.co/storage/v1/object/public/product-images/gallery/sea-buckthorn-oil-capsule/4111e43eb9f0-Seabuckthorn-Seed-oil.png
sea-buckthorn-oil-capsule,false,1,https://biosash.com/media/uploads/products/2023-10-01-5.jpg,https://gbcnvrymoarcqrvdnnvb.supabase.co/storage/v1/object/public/product-images/gallery/sea-buckthorn-oil-capsule/db820ff915b5-2023-10-01-5.jpg
sea-buckthorn-oil-capsule,false,2,https://biosash.com/media/uploads/products/2023-10-02-5.jpg,https://gbcnvrymoarcqrvdnnvb.supabase.co/storage/v1/object/public/product-images/gallery/sea-buckthorn-oil-capsule/4185850bda31-2023-10-02-5.jpg
sea-buckthorn-oil-capsule,false,3,https://biosash.com/media/uploads/products/2023-10-03-5.jpg,https://gbcnvrymoarcqrvdnnvb.supabase.co/storage/v1/object/public/product-images/gallery/sea-buckthorn-oil-capsule/8f88c792678c-2023-10-03-5.jpg
sea-buckthorn-oil-capsule,false,4,https://biosash.com/media/uploads/products/2023-10-04-5.jpg,https://gbcnvrymoarcqrvdnnvb.supabase.co/storage/v1/object/public/product-images/gallery/sea-buckthorn-oil-capsule/cf0bce4414ea-2023-10-04-5.jpg
sea-buckthorn-oil-capsule,false,5,https://biosash.com/media/uploads/products/2023-10-05-5.jpg,https://gbcnvrymoarcqrvdnnvb.supabase.co/storage/v1/object/public/product-images/gallery/sea-buckthorn-oil-capsule/b3de1fdaf1c2-2023-10-05-5.jpg
sea-buckthorn-oil-capsule,false,6,https://biosash.com/media/uploads/products/2023-10-06-5.jpg,https://gbcnvrymoarcqrvdnnvb.supabase.co/storage/v1/object/public/product-images/gallery/sea-buckthorn-oil-capsule/04942f45b826-2023-10-06-5.jpg
sea-buckthorn-oil-capsule,false,7,https://biosash.com/media/uploads/products/2023-10-07-5.jpg,https://gbcnvrymoarcqrvdnnvb.supabase.co/storage/v1/object/public/product-images/gallery/sea-buckthorn-oil-capsule/2b58d7a561e3-2023-10-07-5.jpg
seabuckthorn-trimfit-juice,false,0,https://biosash.com/media/uploads/products/Sea-Buckthorn-Trimfit-Juice-1.png,https://gbcnvrymoarcqrvdnnvb.supabase.co/storage/v1/object/public/product-images/gallery/seabuckthorn-trimfit-juice/1ff21e397251-Sea-Buckthorn-Trimfit-Juice-1.png
seabuckthorn-trimfit-juice,false,1,https://biosash.com/media/uploads/products/2023-10-01-2.jpg,https://gbcnvrymoarcqrvdnnvb.supabase.co/storage/v1/object/public/product-images/gallery/seabuckthorn-trimfit-juice/fe5f8fde9d1a-2023-10-01-2.jpg
seabuckthorn-trimfit-juice,false,2,https://biosash.com/media/uploads/products/2023-10-02-2.jpg,https://gbcnvrymoarcqrvdnnvb.supabase.co/storage/v1/object/public/product-images/gallery/seabuckthorn-trimfit-juice/82167f56f40a-2023-10-02-2.jpg
seabuckthorn-trimfit-juice,false,3,https://biosash.com/media/uploads/products/2023-10-03-2.jpg,https://gbcnvrymoarcqrvdnnvb.supabase.co/storage/v1/object/public/product-images/gallery/seabuckthorn-trimfit-juice/fbda2371eff0-2023-10-03-2.jpg
seabuckthorn-trimfit-juice,false,4,https://biosash.com/media/uploads/products/2023-10-04-2.jpg,https://gbcnvrymoarcqrvdnnvb.supabase.co/storage/v1/object/public/product-images/gallery/seabuckthorn-trimfit-juice/05f6f50c19db-2023-10-04-2.jpg
seabuckthorn-trimfit-juice,false,5,https://biosash.com/media/uploads/products/2023-10-05-2.jpg,https://gbcnvrymoarcqrvdnnvb.supabase.co/storage/v1/object/public/product-images/gallery/seabuckthorn-trimfit-juice/f27ddd05a037-2023-10-05-2.jpg
seabuckthorn-trimfit-juice,false,6,https://biosash.com/media/uploads/products/2023-10-06-2.jpg,https://gbcnvrymoarcqrvdnnvb.supabase.co/storage/v1/object/public/product-images/gallery/seabuckthorn-trimfit-juice/b0cabca5ee49-2023-10-06-2.jpg
seabuckthorn-trimfit-juice,false,7,https://biosash.com/media/uploads/products/2023-10-07-2.jpg,https://gbcnvrymoarcqrvdnnvb.supabase.co/storage/v1/object/public/product-images/gallery/seabuckthorn-trimfit-juice/57338e96545d-2023-10-07-2.jpg
seabuckthorn-trimfit-juice,false,8,https://biosash.com/media/uploads/products/2023-10-08-2.jpg,https://gbcnvrymoarcqrvdnnvb.supabase.co/storage/v1/object/public/product-images/gallery/seabuckthorn-trimfit-juice/d94da04cfe1c-2023-10-08-2.jpg
seabuckthorn-trimfit-juice,false,9,https://biosash.com/media/uploads/products/2023-10-09-2.jpg,https://gbcnvrymoarcqrvdnnvb.supabase.co/storage/v1/object/public/product-images/gallery/seabuckthorn-trimfit-juice/07068fdde36a-2023-10-09-2.jpg
seabuckthorn-trimfit-juice,false,10,https://biosash.com/media/uploads/products/2023-10-10-1.jpg,https://gbcnvrymoarcqrvdnnvb.supabase.co/storage/v1/object/public/product-images/gallery/seabuckthorn-trimfit-juice/f50ccde95c3a-2023-10-10-1.jpg
avocado-shampoo,true,0,https://biosash.com/media/uploads/products/Avocado.png,https://gbcnvrymoarcqrvdnnvb.supabase.co/storage/v1/object/public/product-images/gallery/avocado-shampoo/77d11f0f4347-Avocado.png
hair-pomade-for-men,true,0,https://biosash.com/media/uploads/products/Hair-Pomed.png,https://gbcnvrymoarcqrvdnnvb.supabase.co/storage/v1/object/public/product-images/gallery/hair-pomade-for-men/998cffb3c543-Hair-Pomed.png
natural-sea-buckthorn-hair-conditioner,true,0,https://biosash.com/media/uploads/products/Natural-Seab-buckthorn-Conditionar.png,https://gbcnvrymoarcqrvdnnvb.supabase.co/storage/v1/object/public/product-images/gallery/natural-sea-buckthorn-hair-conditioner/51bdc06dd63b-Natural-Seab-buckthorn-Conditionar.png
bees-wax-honey-bathing-bar,true,0,https://biosash.com/media/uploads/products/Bees-Wax-And-Honey.png,https://gbcnvrymoarcqrvdnnvb.supabase.co/storage/v1/object/public/product-images/gallery/bees-wax-honey-bathing-bar/a355142dc1dd-Bees-Wax-And-Honey.png
kakadu-bathing-bar-soap,true,0,https://biosash.com/media/uploads/products/2026-08-07-8.jpg,https://gbcnvrymoarcqrvdnnvb.supabase.co/storage/v1/object/public/product-images/gallery/kakadu-bathing-bar-soap/f1f5a1caf6e6-2026-08-07-8.jpg
kakadu-bathing-bar-soap,true,1,https://biosash.com/media/uploads/products/2026-08-01-8.jpg,https://gbcnvrymoarcqrvdnnvb.supabase.co/storage/v1/object/public/product-images/gallery/kakadu-bathing-bar-soap/0c693779465a-2026-08-01-8.jpg
kakadu-bathing-bar-soap,true,2,https://biosash.com/media/uploads/products/2026-08-02-8.jpg,https://gbcnvrymoarcqrvdnnvb.supabase.co/storage/v1/object/public/product-images/gallery/kakadu-bathing-bar-soap/7e8c26c39296-2026-08-02-8.jpg
kakadu-bathing-bar-soap,true,3,https://biosash.com/media/uploads/products/2026-08-03-8.jpg,https://gbcnvrymoarcqrvdnnvb.supabase.co/storage/v1/object/public/product-images/gallery/kakadu-bathing-bar-soap/29737a4b4fdc-2026-08-03-8.jpg
kakadu-bathing-bar-soap,true,4,https://biosash.com/media/uploads/products/2026-08-04-8.jpg,https://gbcnvrymoarcqrvdnnvb.supabase.co/storage/v1/object/public/product-images/gallery/kakadu-bathing-bar-soap/093b3529cd5c-2026-08-04-8.jpg
kakadu-bathing-bar-soap,true,5,https://biosash.com/media/uploads/products/2026-08-05-8.jpg,https://gbcnvrymoarcqrvdnnvb.supabase.co/storage/v1/object/public/product-images/gallery/kakadu-bathing-bar-soap/92472f28b2c4-2026-08-05-8.jpg
kakadu-bathing-bar-soap,true,6,https://biosash.com/media/uploads/products/2026-08-06-8.jpg,https://gbcnvrymoarcqrvdnnvb.supabase.co/storage/v1/object/public/product-images/gallery/kakadu-bathing-bar-soap/46b25430d453-2026-08-06-8.jpg
seabuckthorn-digestosash-juice,false,0,https://biosash.com/media/uploads/products/Sea-buckthorn-Digestosash.png,https://gbcnvrymoarcqrvdnnvb.supabase.co/storage/v1/object/public/product-images/gallery/seabuckthorn-digestosash-juice/4ed537a9ac53-Sea-buckthorn-Digestosash.png
seabuckthorn-digestosash-juice,false,1,https://biosash.com/media/uploads/products/01-33.jpg,https://gbcnvrymoarcqrvdnnvb.supabase.co/storage/v1/object/public/product-images/gallery/seabuckthorn-digestosash-juice/ed63d7c88db1-01-33.jpg
seabuckthorn-digestosash-juice,false,2,https://biosash.com/media/uploads/products/02-33.jpg,https://gbcnvrymoarcqrvdnnvb.supabase.co/storage/v1/object/public/product-images/gallery/seabuckthorn-digestosash-juice/ee0cc2e859a4-02-33.jpg
seabuckthorn-digestosash-juice,false,3,https://biosash.com/media/uploads/products/03-33.jpg,https://gbcnvrymoarcqrvdnnvb.supabase.co/storage/v1/object/public/product-images/gallery/seabuckthorn-digestosash-juice/41f632c06018-03-33.jpg
seabuckthorn-digestosash-juice,false,4,https://biosash.com/media/uploads/products/04-32.jpg,https://gbcnvrymoarcqrvdnnvb.supabase.co/storage/v1/object/public/product-images/gallery/seabuckthorn-digestosash-juice/5875a9bfcd59-04-32.jpg
seabuckthorn-digestosash-juice,false,5,https://biosash.com/media/uploads/products/05-15.jpg,https://gbcnvrymoarcqrvdnnvb.supabase.co/storage/v1/object/public/product-images/gallery/seabuckthorn-digestosash-juice/0b8d301a4e50-05-15.jpg
seabuckthorn-digestosash-juice,false,6,https://biosash.com/media/uploads/products/06-13.jpg,https://gbcnvrymoarcqrvdnnvb.supabase.co/storage/v1/object/public/product-images/gallery/seabuckthorn-digestosash-juice/cac31e7a1569-06-13.jpg
seabuckthorn-digestosash-juice,false,7,https://biosash.com/media/uploads/products/07-12.jpg,https://gbcnvrymoarcqrvdnnvb.supabase.co/storage/v1/object/public/product-images/gallery/seabuckthorn-digestosash-juice/8f775a0531f9-07-12.jpg
seabuckthorn-digestosash-juice,false,8,https://biosash.com/media/uploads/products/08-11.jpg,https://gbcnvrymoarcqrvdnnvb.supabase.co/storage/v1/object/public/product-images/gallery/seabuckthorn-digestosash-juice/25e4ada6fcbb-08-11.jpg
seabuckthorn-digestosash-juice,false,9,https://biosash.com/media/uploads/products/09-11.jpg,https://gbcnvrymoarcqrvdnnvb.supabase.co/storage/v1/object/public/product-images/gallery/seabuckthorn-digestosash-juice/1ea8837068f3-09-11.jpg
seabuckthorn-digestosash-juice,false,10,https://biosash.com/media/uploads/products/10-8.jpg,https://gbcnvrymoarcqrvdnnvb.supabase.co/storage/v1/object/public/product-images/gallery/seabuckthorn-digestosash-juice/fdc989315f9f-10-8.jpg
seabuckthorn-immunosash-juice,true,0,https://biosash.com/media/uploads/products/2020-09-Immunosash.png,https://gbcnvrymoarcqrvdnnvb.supabase.co/storage/v1/object/public/product-images/gallery/seabuckthorn-immunosash-juice/ed5eb8a464f8-2020-09-Immunosash.png
seabuckthorn-immunosash-juice,true,1,https://biosash.com/media/uploads/products/2020-10-01-10.jpg,https://gbcnvrymoarcqrvdnnvb.supabase.co/storage/v1/object/public/product-images/gallery/seabuckthorn-immunosash-juice/6bad4bdd0f72-2020-10-01-10.jpg
seabuckthorn-immunosash-juice,true,2,https://biosash.com/media/uploads/products/2020-10-02-10.jpg,https://gbcnvrymoarcqrvdnnvb.supabase.co/storage/v1/object/public/product-images/gallery/seabuckthorn-immunosash-juice/d6fcf28c15fd-2020-10-02-10.jpg
seabuckthorn-immunosash-juice,true,3,https://biosash.com/media/uploads/products/2020-10-03-10.jpg,https://gbcnvrymoarcqrvdnnvb.supabase.co/storage/v1/object/public/product-images/gallery/seabuckthorn-immunosash-juice/f37f432da053-2020-10-03-10.jpg
seabuckthorn-immunosash-juice,true,4,https://biosash.com/media/uploads/products/2020-10-04-10.jpg,https://gbcnvrymoarcqrvdnnvb.supabase.co/storage/v1/object/public/product-images/gallery/seabuckthorn-immunosash-juice/e1c3e1393cb3-2020-10-04-10.jpg
seabuckthorn-immunosash-juice,true,5,https://biosash.com/media/uploads/products/2020-10-05-10.jpg,https://gbcnvrymoarcqrvdnnvb.supabase.co/storage/v1/object/public/product-images/gallery/seabuckthorn-immunosash-juice/49b67f58afff-2020-10-05-10.jpg
seabuckthorn-immunosash-juice,true,6,https://biosash.com/media/uploads/products/2020-10-06-10.jpg,https://gbcnvrymoarcqrvdnnvb.supabase.co/storage/v1/object/public/product-images/gallery/seabuckthorn-immunosash-juice/e43e3329710c-2020-10-06-10.jpg
seabuckthorn-immunosash-juice,true,7,https://biosash.com/media/uploads/products/2020-10-07-10.jpg,https://gbcnvrymoarcqrvdnnvb.supabase.co/storage/v1/object/public/product-images/gallery/seabuckthorn-immunosash-juice/7c7ec8ef178b-2020-10-07-10.jpg
seabuckthorn-immunosash-juice,true,8,https://biosash.com/media/uploads/products/08-10.jpg,https://gbcnvrymoarcqrvdnnvb.supabase.co/storage/v1/object/public/product-images/gallery/seabuckthorn-immunosash-juice/26910dd21496-08-10.jpg
seabuckthorn-immunosash-juice,true,9,https://biosash.com/media/uploads/products/09-10.jpg,https://gbcnvrymoarcqrvdnnvb.supabase.co/storage/v1/object/public/product-images/gallery/seabuckthorn-immunosash-juice/b128229ea981-09-10.jpg
seabuckthorn-immunosash-juice,true,10,https://biosash.com/media/uploads/products/10-7.jpg,https://gbcnvrymoarcqrvdnnvb.supabase.co/storage/v1/object/public/product-images/gallery/seabuckthorn-immunosash-juice/c159b703e1d8-10-7.jpg
vitamin-e-sunscreen-spf-30,true,0,https://biosash.com/media/uploads/products/vitamen-E-sunscreem.png,https://gbcnvrymoarcqrvdnnvb.supabase.co/storage/v1/object/public/product-images/gallery/vitamin-e-sunscreen-spf-30/dcd49ab7939e-vitamen-E-sunscreem.png
vitamin-e-sunscreen-spf-30,true,1,https://biosash.com/media/uploads/products/01-42.jpg,https://gbcnvrymoarcqrvdnnvb.supabase.co/storage/v1/object/public/product-images/gallery/vitamin-e-sunscreen-spf-30/f7746ec0c72a-01-42.jpg
vitamin-e-sunscreen-spf-30,true,2,https://biosash.com/media/uploads/products/02-42.jpg,https://gbcnvrymoarcqrvdnnvb.supabase.co/storage/v1/object/public/product-images/gallery/vitamin-e-sunscreen-spf-30/288cc236410f-02-42.jpg
vitamin-e-sunscreen-spf-30,true,3,https://biosash.com/media/uploads/products/03-42.jpg,https://gbcnvrymoarcqrvdnnvb.supabase.co/storage/v1/object/public/product-images/gallery/vitamin-e-sunscreen-spf-30/3be73105ec01-03-42.jpg
vitamin-e-sunscreen-spf-30,true,4,https://biosash.com/media/uploads/products/04-40.jpg,https://gbcnvrymoarcqrvdnnvb.supabase.co/storage/v1/object/public/product-images/gallery/vitamin-e-sunscreen-spf-30/72205cff1001-04-40.jpg
seabuckthorn-stressaid-juice,false,0,https://biosash.com/media/uploads/products/Sea-buckthorn-Stressaid-Juice.png,https://gbcnvrymoarcqrvdnnvb.supabase.co/storage/v1/object/public/product-images/gallery/seabuckthorn-stressaid-juice/9999606171a6-Sea-buckthorn-Stressaid-Juice.png
seabuckthorn-stressaid-juice,false,1,https://biosash.com/media/uploads/products/2020-10-01.jpg,https://gbcnvrymoarcqrvdnnvb.supabase.co/storage/v1/object/public/product-images/gallery/seabuckthorn-stressaid-juice/118e7f7f0373-2020-10-01.jpg
seabuckthorn-stressaid-juice,false,2,https://biosash.com/media/uploads/products/2020-10-02.jpg,https://gbcnvrymoarcqrvdnnvb.supabase.co/storage/v1/object/public/product-images/gallery/seabuckthorn-stressaid-juice/b1519059b20e-2020-10-02.jpg
seabuckthorn-stressaid-juice,false,3,https://biosash.com/media/uploads/products/2020-10-03.jpg,https://gbcnvrymoarcqrvdnnvb.supabase.co/storage/v1/object/public/product-images/gallery/seabuckthorn-stressaid-juice/ca2d2946c68b-2020-10-03.jpg
seabuckthorn-stressaid-juice,false,4,https://biosash.com/media/uploads/products/2020-10-04.jpg,https://gbcnvrymoarcqrvdnnvb.supabase.co/storage/v1/object/public/product-images/gallery/seabuckthorn-stressaid-juice/8f367c9af943-2020-10-04.jpg
seabuckthorn-stressaid-juice,false,5,https://biosash.com/media/uploads/products/2020-10-05.jpg,https://gbcnvrymoarcqrvdnnvb.supabase.co/storage/v1/object/public/product-images/gallery/seabuckthorn-stressaid-juice/6a1c7de93057-2020-10-05.jpg
seabuckthorn-stressaid-juice,false,6,https://biosash.com/media/uploads/products/2020-10-06.jpg,https://gbcnvrymoarcqrvdnnvb.supabase.co/storage/v1/object/public/product-images/gallery/seabuckthorn-stressaid-juice/008d8f139c97-2020-10-06.jpg
seabuckthorn-stressaid-juice,false,7,https://biosash.com/media/uploads/products/2020-10-07.jpg,https://gbcnvrymoarcqrvdnnvb.supabase.co/storage/v1/object/public/product-images/gallery/seabuckthorn-stressaid-juice/ef834e50859e-2020-10-07.jpg
seabuckthorn-stressaid-juice,false,8,https://biosash.com/media/uploads/products/2020-10-08.jpg,https://gbcnvrymoarcqrvdnnvb.supabase.co/storage/v1/object/public/product-images/gallery/seabuckthorn-stressaid-juice/b2b845dd90ea-2020-10-08.jpg
seabuckthorn-stressaid-juice,false,9,https://biosash.com/media/uploads/products/2020-10-09.jpg,https://gbcnvrymoarcqrvdnnvb.supabase.co/storage/v1/object/public/product-images/gallery/seabuckthorn-stressaid-juice/8a44ed9593d1-2020-10-09.jpg
seabuckthorn-stressaid-juice,false,10,https://biosash.com/media/uploads/products/2020-10-10.jpg,https://gbcnvrymoarcqrvdnnvb.supabase.co/storage/v1/object/public/product-images/gallery/seabuckthorn-stressaid-juice/8e232ee987b8-2020-10-10.jpg
leucosash-capsule,false,0,https://biosash.com/media/uploads/products/Biosash-Leucosash-2.png,https://gbcnvrymoarcqrvdnnvb.supabase.co/storage/v1/object/public/product-images/gallery/leucosash-capsule/11b9b5e66223-Biosash-Leucosash-2.png
leucosash-capsule,false,1,https://biosash.com/media/uploads/products/01-34.jpg,https://gbcnvrymoarcqrvdnnvb.supabase.co/storage/v1/object/public/product-images/gallery/leucosash-capsule/70acf6ec9d16-01-34.jpg
leucosash-capsule,false,2,https://biosash.com/media/uploads/products/02-34.jpg,https://gbcnvrymoarcqrvdnnvb.supabase.co/storage/v1/object/public/product-images/gallery/leucosash-capsule/92f3832bfa3c-02-34.jpg
leucosash-capsule,false,3,https://biosash.com/media/uploads/products/03-34.jpg,https://gbcnvrymoarcqrvdnnvb.supabase.co/storage/v1/object/public/product-images/gallery/leucosash-capsule/7a12e50b4b0f-03-34.jpg
leucosash-capsule,false,4,https://biosash.com/media/uploads/products/04-33.jpg,https://gbcnvrymoarcqrvdnnvb.supabase.co/storage/v1/object/public/product-images/gallery/leucosash-capsule/91b859af5b08-04-33.jpg
seabuckthorn-livosash-juice,false,0,https://biosash.com/media/uploads/products/Sea-buckthorn-Livosash-Juice.png,https://gbcnvrymoarcqrvdnnvb.supabase.co/storage/v1/object/public/product-images/gallery/seabuckthorn-livosash-juice/7728a376a966-Sea-buckthorn-Livosash-Juice.png
seabuckthorn-livosash-juice,false,1,https://biosash.com/media/uploads/products/2020-10-01-8.jpg,https://gbcnvrymoarcqrvdnnvb.supabase.co/storage/v1/object/public/product-images/gallery/seabuckthorn-livosash-juice/41cc6d83f715-2020-10-01-8.jpg
seabuckthorn-livosash-juice,false,2,https://biosash.com/media/uploads/products/2020-10-02-8.jpg,https://gbcnvrymoarcqrvdnnvb.supabase.co/storage/v1/object/public/product-images/gallery/seabuckthorn-livosash-juice/7900c4b3c6b6-2020-10-02-8.jpg
seabuckthorn-livosash-juice,false,3,https://biosash.com/media/uploads/products/2020-10-03-8.jpg,https://gbcnvrymoarcqrvdnnvb.supabase.co/storage/v1/object/public/product-images/gallery/seabuckthorn-livosash-juice/9dd2aef01dcd-2020-10-03-8.jpg
seabuckthorn-livosash-juice,false,4,https://biosash.com/media/uploads/products/2020-10-04-8.jpg,https://gbcnvrymoarcqrvdnnvb.supabase.co/storage/v1/object/public/product-images/gallery/seabuckthorn-livosash-juice/5182c445bfe6-2020-10-04-8.jpg
seabuckthorn-livosash-juice,false,5,https://biosash.com/media/uploads/products/2020-10-05-8.jpg,https://gbcnvrymoarcqrvdnnvb.supabase.co/storage/v1/object/public/product-images/gallery/seabuckthorn-livosash-juice/cc39c2785e7d-2020-10-05-8.jpg
seabuckthorn-livosash-juice,false,6,https://biosash.com/media/uploads/products/2020-10-06-8.jpg,https://gbcnvrymoarcqrvdnnvb.supabase.co/storage/v1/object/public/product-images/gallery/seabuckthorn-livosash-juice/206ee333588b-2020-10-06-8.jpg
seabuckthorn-livosash-juice,false,7,https://biosash.com/media/uploads/products/2020-10-07-8.jpg,https://gbcnvrymoarcqrvdnnvb.supabase.co/storage/v1/object/public/product-images/gallery/seabuckthorn-livosash-juice/e3241bf9569c-2020-10-07-8.jpg
seabuckthorn-livosash-juice,false,8,https://biosash.com/media/uploads/products/08-8.jpg,https://gbcnvrymoarcqrvdnnvb.supabase.co/storage/v1/object/public/product-images/gallery/seabuckthorn-livosash-juice/a840b0f5ed2c-08-8.jpg
seabuckthorn-livosash-juice,false,9,https://biosash.com/media/uploads/products/09-8.jpg,https://gbcnvrymoarcqrvdnnvb.supabase.co/storage/v1/object/public/product-images/gallery/seabuckthorn-livosash-juice/67a9c420fc00-09-8.jpg
seabuckthorn-livosash-juice,false,10,https://biosash.com/media/uploads/products/10-6.jpg,https://gbcnvrymoarcqrvdnnvb.supabase.co/storage/v1/object/public/product-images/gallery/seabuckthorn-livosash-juice/33f9288ca59a-10-6.jpg
chocolate-bathing-bar-soap,true,0,https://biosash.com/media/uploads/products/Choclate-Soap.png,https://gbcnvrymoarcqrvdnnvb.supabase.co/storage/v1/object/public/product-images/gallery/chocolate-bathing-bar-soap/eeea2e396235-Choclate-Soap.png
honey-almond-bathing-bar,true,0,https://biosash.com/media/uploads/products/Honey-And-Almonds-scaled.png,https://gbcnvrymoarcqrvdnnvb.supabase.co/storage/v1/object/public/product-images/gallery/honey-almond-bathing-bar/54499ff11eeb-Honey-And-Almonds-scaled.png
hair-oil-with-biotin,true,0,https://biosash.com/media/uploads/products/2026-08-01-11.jpg,https://gbcnvrymoarcqrvdnnvb.supabase.co/storage/v1/object/public/product-images/gallery/hair-oil-with-biotin/75f99fc74f3a-2026-08-01-11.jpg
hair-oil-with-biotin,true,1,https://biosash.com/media/uploads/products/2026-08-02-11.jpg,https://gbcnvrymoarcqrvdnnvb.supabase.co/storage/v1/object/public/product-images/gallery/hair-oil-with-biotin/f993fc80f325-2026-08-02-11.jpg
hair-oil-with-biotin,true,2,https://biosash.com/media/uploads/products/2026-08-03-11.jpg,https://gbcnvrymoarcqrvdnnvb.supabase.co/storage/v1/object/public/product-images/gallery/hair-oil-with-biotin/b3368a0d40b5-2026-08-03-11.jpg
hair-oil-with-biotin,true,3,https://biosash.com/media/uploads/products/2026-08-04-11.jpg,https://gbcnvrymoarcqrvdnnvb.supabase.co/storage/v1/object/public/product-images/gallery/hair-oil-with-biotin/4233111e3653-2026-08-04-11.jpg
hair-oil-with-biotin,true,4,https://biosash.com/media/uploads/products/2026-08-05-11.jpg,https://gbcnvrymoarcqrvdnnvb.supabase.co/storage/v1/object/public/product-images/gallery/hair-oil-with-biotin/97f2a9c1caf9-2026-08-05-11.jpg
hair-oil-with-biotin,true,5,https://biosash.com/media/uploads/products/2026-08-06-11.jpg,https://gbcnvrymoarcqrvdnnvb.supabase.co/storage/v1/object/public/product-images/gallery/hair-oil-with-biotin/0b220bc0f5eb-2026-08-06-11.jpg
hair-oil-with-biotin,true,6,https://biosash.com/media/uploads/products/2026-08-07-11.jpg,https://gbcnvrymoarcqrvdnnvb.supabase.co/storage/v1/object/public/product-images/gallery/hair-oil-with-biotin/be3a26e39a5b-2026-08-07-11.jpg
immunosash-capsules-30-capsules,false,0,https://biosash.com/media/uploads/products/2025-02-Immunosash.png,https://gbcnvrymoarcqrvdnnvb.supabase.co/storage/v1/object/public/product-images/gallery/immunosash-capsules-30-capsules/0140428f808e-2025-02-Immunosash.png
panch-tulsi-drops,false,0,https://biosash.com/media/uploads/products/Panch-Tulsi.png,https://gbcnvrymoarcqrvdnnvb.supabase.co/storage/v1/object/public/product-images/gallery/panch-tulsi-drops/b01c1c8afdfb-Panch-Tulsi.png
panch-tulsi-drops,false,1,https://biosash.com/media/uploads/products/01-31.jpg,https://gbcnvrymoarcqrvdnnvb.supabase.co/storage/v1/object/public/product-images/gallery/panch-tulsi-drops/e3d577dc6d9c-01-31.jpg
panch-tulsi-drops,false,2,https://biosash.com/media/uploads/products/02-31.jpg,https://gbcnvrymoarcqrvdnnvb.supabase.co/storage/v1/object/public/product-images/gallery/panch-tulsi-drops/353b2d4e085b-02-31.jpg
panch-tulsi-drops,false,3,https://biosash.com/media/uploads/products/03-31.jpg,https://gbcnvrymoarcqrvdnnvb.supabase.co/storage/v1/object/public/product-images/gallery/panch-tulsi-drops/e659d88279b2-03-31.jpg
panch-tulsi-drops,false,4,https://biosash.com/media/uploads/products/04-30.jpg,https://gbcnvrymoarcqrvdnnvb.supabase.co/storage/v1/object/public/product-images/gallery/panch-tulsi-drops/6d07576d08ff-04-30.jpg
biosash-sea-buckthorn-juice,true,0,https://biosash.com/media/uploads/products/Seabuckthorn.png,https://gbcnvrymoarcqrvdnnvb.supabase.co/storage/v1/object/public/product-images/gallery/biosash-sea-buckthorn-juice/e081afb05fac-Seabuckthorn.png
biosash-sea-buckthorn-juice,true,1,https://biosash.com/media/uploads/products/2025-11-01.jpg,https://gbcnvrymoarcqrvdnnvb.supabase.co/storage/v1/object/public/product-images/gallery/biosash-sea-buckthorn-juice/948b4d02692e-2025-11-01.jpg
biosash-sea-buckthorn-juice,true,2,https://biosash.com/media/uploads/products/2025-11-02.jpg,https://gbcnvrymoarcqrvdnnvb.supabase.co/storage/v1/object/public/product-images/gallery/biosash-sea-buckthorn-juice/33cc5a0f5387-2025-11-02.jpg
biosash-sea-buckthorn-juice,true,3,https://biosash.com/media/uploads/products/2025-11-03.jpg,https://gbcnvrymoarcqrvdnnvb.supabase.co/storage/v1/object/public/product-images/gallery/biosash-sea-buckthorn-juice/91ec8639a7e6-2025-11-03.jpg
biosash-sea-buckthorn-juice,true,4,https://biosash.com/media/uploads/products/2025-11-04.jpg,https://gbcnvrymoarcqrvdnnvb.supabase.co/storage/v1/object/public/product-images/gallery/biosash-sea-buckthorn-juice/7bc4759c4c47-2025-11-04.jpg
biosash-sea-buckthorn-juice,true,5,https://biosash.com/media/uploads/products/2025-11-05.jpg,https://gbcnvrymoarcqrvdnnvb.supabase.co/storage/v1/object/public/product-images/gallery/biosash-sea-buckthorn-juice/150bd29dc5f1-2025-11-05.jpg
biosash-sea-buckthorn-juice,true,6,https://biosash.com/media/uploads/products/2025-11-06.jpg,https://gbcnvrymoarcqrvdnnvb.supabase.co/storage/v1/object/public/product-images/gallery/biosash-sea-buckthorn-juice/8ee5bd9e35fc-2025-11-06.jpg
biosash-sea-buckthorn-juice,true,7,https://biosash.com/media/uploads/products/2025-11-07.jpg,https://gbcnvrymoarcqrvdnnvb.supabase.co/storage/v1/object/public/product-images/gallery/biosash-sea-buckthorn-juice/6de67ba6a32d-2025-11-07.jpg
biosash-sea-buckthorn-juice,true,8,https://biosash.com/media/uploads/products/2025-11-08.jpg,https://gbcnvrymoarcqrvdnnvb.supabase.co/storage/v1/object/public/product-images/gallery/biosash-sea-buckthorn-juice/971e796c5ab7-2025-11-08.jpg
biosash-sea-buckthorn-juice,true,9,https://biosash.com/media/uploads/products/2025-11-09.jpg,https://gbcnvrymoarcqrvdnnvb.supabase.co/storage/v1/object/public/product-images/gallery/biosash-sea-buckthorn-juice/4b7c8572260b-2025-11-09.jpg
trimfit-tablets,true,0,https://biosash.com/media/uploads/products/Biosash-Trimfit-Tablets.png,https://gbcnvrymoarcqrvdnnvb.supabase.co/storage/v1/object/public/product-images/gallery/trimfit-tablets/cfc218fd17a5-Biosash-Trimfit-Tablets.png
vitamin-e-skin-hydrating-cream,true,0,https://biosash.com/media/uploads/products/vitamin-E-skin-hydrating.png,https://gbcnvrymoarcqrvdnnvb.supabase.co/storage/v1/object/public/product-images/gallery/vitamin-e-skin-hydrating-cream/c97a6ddcf7bb-vitamin-E-skin-hydrating.png
vitamin-e-skin-hydrating-cream,true,1,https://biosash.com/media/uploads/products/01-27.jpg,https://gbcnvrymoarcqrvdnnvb.supabase.co/storage/v1/object/public/product-images/gallery/vitamin-e-skin-hydrating-cream/c4e832150530-01-27.jpg
vitamin-e-skin-hydrating-cream,true,2,https://biosash.com/media/uploads/products/02-27.jpg,https://gbcnvrymoarcqrvdnnvb.supabase.co/storage/v1/object/public/product-images/gallery/vitamin-e-skin-hydrating-cream/0a5d0880251b-02-27.jpg
vitamin-e-skin-hydrating-cream,true,3,https://biosash.com/media/uploads/products/03-27.jpg,https://gbcnvrymoarcqrvdnnvb.supabase.co/storage/v1/object/public/product-images/gallery/vitamin-e-skin-hydrating-cream/c3805a28b213-03-27.jpg
massage-oil,true,0,https://biosash.com/media/uploads/products/Biosash-MASSAGE-OIL.png,https://gbcnvrymoarcqrvdnnvb.supabase.co/storage/v1/object/public/product-images/gallery/massage-oil/5fbef2244e7b-Biosash-MASSAGE-OIL.png
natural-seabuckthorn-nourishing-cream,true,0,https://biosash.com/media/uploads/products/Natural-Sea-buckthorn-Nourishing-Cream.png,https://gbcnvrymoarcqrvdnnvb.supabase.co/storage/v1/object/public/product-images/gallery/natural-seabuckthorn-nourishing-cream/24b18d57825a-Natural-Sea-buckthorn-Nourishing-Cream.png
natural-seabuckthorn-nourishing-cream,true,1,https://biosash.com/media/uploads/products/2025-10-01-4.jpg,https://gbcnvrymoarcqrvdnnvb.supabase.co/storage/v1/object/public/product-images/gallery/natural-seabuckthorn-nourishing-cream/1028a872fc02-2025-10-01-4.jpg
natural-seabuckthorn-nourishing-cream,true,2,https://biosash.com/media/uploads/products/2025-10-02-4.jpg,https://gbcnvrymoarcqrvdnnvb.supabase.co/storage/v1/object/public/product-images/gallery/natural-seabuckthorn-nourishing-cream/580d23116209-2025-10-02-4.jpg
natural-seabuckthorn-nourishing-cream,true,3,https://biosash.com/media/uploads/products/2025-10-03-4.jpg,https://gbcnvrymoarcqrvdnnvb.supabase.co/storage/v1/object/public/product-images/gallery/natural-seabuckthorn-nourishing-cream/deb0c9d2c649-2025-10-03-4.jpg
natural-seabuckthorn-nourishing-cream,true,4,https://biosash.com/media/uploads/products/2025-10-04-4.jpg,https://gbcnvrymoarcqrvdnnvb.supabase.co/storage/v1/object/public/product-images/gallery/natural-seabuckthorn-nourishing-cream/7b15763eb9f7-2025-10-04-4.jpg
diabosash-capsules,false,0,https://biosash.com/media/uploads/products/Biosash-Diabosash.png,https://gbcnvrymoarcqrvdnnvb.supabase.co/storage/v1/object/public/product-images/gallery/diabosash-capsules/8e49dcba2c1c-Biosash-Diabosash.png
diabosash-capsules,false,1,https://biosash.com/media/uploads/products/01-14.jpg,https://gbcnvrymoarcqrvdnnvb.supabase.co/storage/v1/object/public/product-images/gallery/diabosash-capsules/47b17ce1550a-01-14.jpg
diabosash-capsules,false,2,https://biosash.com/media/uploads/products/02-14.jpg,https://gbcnvrymoarcqrvdnnvb.supabase.co/storage/v1/object/public/product-images/gallery/diabosash-capsules/0ed5a40b87e5-02-14.jpg
diabosash-capsules,false,3,https://biosash.com/media/uploads/products/03-14.jpg,https://gbcnvrymoarcqrvdnnvb.supabase.co/storage/v1/object/public/product-images/gallery/diabosash-capsules/a43394b641ca-03-14.jpg
diabosash-capsules,false,4,https://biosash.com/media/uploads/products/04-14.jpg,https://gbcnvrymoarcqrvdnnvb.supabase.co/storage/v1/object/public/product-images/gallery/diabosash-capsules/559be4ace7dc-04-14.jpg
diabosash-capsules,false,5,https://biosash.com/media/uploads/products/2020-10-05-11.jpg,https://gbcnvrymoarcqrvdnnvb.supabase.co/storage/v1/object/public/product-images/gallery/diabosash-capsules/df17ea651158-2020-10-05-11.jpg
sea-buckthorn-jam,true,0,https://biosash.com/media/uploads/products/Jam.png,https://gbcnvrymoarcqrvdnnvb.supabase.co/storage/v1/object/public/product-images/gallery/sea-buckthorn-jam/646c30db29bd-Jam.png
vitamin-c-peel-off-face-mask-de-tan,true,0,https://biosash.com/media/uploads/products/Vitamin-C.png,https://gbcnvrymoarcqrvdnnvb.supabase.co/storage/v1/object/public/product-images/gallery/vitamin-c-peel-off-face-mask-de-tan/9be93ad2d6e9-Vitamin-C.png
vitamin-c-peel-off-face-mask-de-tan,true,1,https://biosash.com/media/uploads/products/2020-12-01-1.jpg,https://gbcnvrymoarcqrvdnnvb.supabase.co/storage/v1/object/public/product-images/gallery/vitamin-c-peel-off-face-mask-de-tan/6999730959de-2020-12-01-1.jpg
vitamin-c-peel-off-face-mask-de-tan,true,2,https://biosash.com/media/uploads/products/2020-12-02-1.jpg,https://gbcnvrymoarcqrvdnnvb.supabase.co/storage/v1/object/public/product-images/gallery/vitamin-c-peel-off-face-mask-de-tan/d487ff8fd6e8-2020-12-02-1.jpg
vitamin-c-peel-off-face-mask-de-tan,true,3,https://biosash.com/media/uploads/products/2020-12-03-1.jpg,https://gbcnvrymoarcqrvdnnvb.supabase.co/storage/v1/object/public/product-images/gallery/vitamin-c-peel-off-face-mask-de-tan/d7977142615b-2020-12-03-1.jpg
vitamin-c-peel-off-face-mask-de-tan,true,4,https://biosash.com/media/uploads/products/2020-12-04-1.jpg,https://gbcnvrymoarcqrvdnnvb.supabase.co/storage/v1/object/public/product-images/gallery/vitamin-c-peel-off-face-mask-de-tan/d5f396951e8d-2020-12-04-1.jpg
revitalising-ginseng-face-scrub-for-men,true,0,https://biosash.com/media/uploads/products/Revitalising-Ginseng.png,https://gbcnvrymoarcqrvdnnvb.supabase.co/storage/v1/object/public/product-images/gallery/revitalising-ginseng-face-scrub-for-men/e84e9910ad05-Revitalising-Ginseng.png
lemongrass-foot-scrub,true,0,https://biosash.com/media/uploads/products/Lemongrass-Foot-Scrub-5.png,https://gbcnvrymoarcqrvdnnvb.supabase.co/storage/v1/object/public/product-images/gallery/lemongrass-foot-scrub/85238abd8d63-Lemongrass-Foot-Scrub-5.png
femsash-tablets,false,0,https://biosash.com/media/uploads/products/Biosash-Femsash-tablets.png,https://gbcnvrymoarcqrvdnnvb.supabase.co/storage/v1/object/public/product-images/gallery/femsash-tablets/cd39ba8209cb-Biosash-Femsash-tablets.png
seabuckthorn-face-serum,true,0,https://biosash.com/media/uploads/products/2026-08-07-1.jpg,https://gbcnvrymoarcqrvdnnvb.supabase.co/storage/v1/object/public/product-images/gallery/seabuckthorn-face-serum/560ec0fcbaf2-2026-08-07-1.jpg
seabuckthorn-face-serum,true,1,https://biosash.com/media/uploads/products/2026-08-01-1.jpg,https://gbcnvrymoarcqrvdnnvb.supabase.co/storage/v1/object/public/product-images/gallery/seabuckthorn-face-serum/525e60c7e3ee-2026-08-01-1.jpg
seabuckthorn-face-serum,true,2,https://biosash.com/media/uploads/products/2026-08-02-1.jpg,https://gbcnvrymoarcqrvdnnvb.supabase.co/storage/v1/object/public/product-images/gallery/seabuckthorn-face-serum/4e7f4451189c-2026-08-02-1.jpg
seabuckthorn-face-serum,true,3,https://biosash.com/media/uploads/products/2026-08-03-1.jpg,https://gbcnvrymoarcqrvdnnvb.supabase.co/storage/v1/object/public/product-images/gallery/seabuckthorn-face-serum/1747cba6ca80-2026-08-03-1.jpg
seabuckthorn-face-serum,true,4,https://biosash.com/media/uploads/products/2026-08-04-1.jpg,https://gbcnvrymoarcqrvdnnvb.supabase.co/storage/v1/object/public/product-images/gallery/seabuckthorn-face-serum/fe3dd6a94df3-2026-08-04-1.jpg
seabuckthorn-face-serum,true,5,https://biosash.com/media/uploads/products/2026-08-05-1.jpg,https://gbcnvrymoarcqrvdnnvb.supabase.co/storage/v1/object/public/product-images/gallery/seabuckthorn-face-serum/1bc490865e2d-2026-08-05-1.jpg
seabuckthorn-face-serum,true,6,https://biosash.com/media/uploads/products/2026-08-06-1.jpg,https://gbcnvrymoarcqrvdnnvb.supabase.co/storage/v1/object/public/product-images/gallery/seabuckthorn-face-serum/d253893e585a-2026-08-06-1.jpg
honey-foot-butter-with-bees-wax,true,0,https://biosash.com/media/uploads/products/Honey-Foot-butter-1.png,https://gbcnvrymoarcqrvdnnvb.supabase.co/storage/v1/object/public/product-images/gallery/honey-foot-butter-with-bees-wax/835820bbf2c1-Honey-Foot-butter-1.png
honey-foot-butter-with-bees-wax,true,1,https://biosash.com/media/uploads/products/01-32.jpg,https://gbcnvrymoarcqrvdnnvb.supabase.co/storage/v1/object/public/product-images/gallery/honey-foot-butter-with-bees-wax/b53f481943f3-01-32.jpg
honey-foot-butter-with-bees-wax,true,2,https://biosash.com/media/uploads/products/02-32.jpg,https://gbcnvrymoarcqrvdnnvb.supabase.co/storage/v1/object/public/product-images/gallery/honey-foot-butter-with-bees-wax/1f44cf8d14ef-02-32.jpg
honey-foot-butter-with-bees-wax,true,3,https://biosash.com/media/uploads/products/03-32.jpg,https://gbcnvrymoarcqrvdnnvb.supabase.co/storage/v1/object/public/product-images/gallery/honey-foot-butter-with-bees-wax/89ab80d1de4d-03-32.jpg
honey-foot-butter-with-bees-wax,true,4,https://biosash.com/media/uploads/products/04-31.jpg,https://gbcnvrymoarcqrvdnnvb.supabase.co/storage/v1/object/public/product-images/gallery/honey-foot-butter-with-bees-wax/edd821040c91-04-31.jpg
calsash-tablets,false,0,https://biosash.com/media/uploads/products/Calsah.png,https://gbcnvrymoarcqrvdnnvb.supabase.co/storage/v1/object/public/product-images/gallery/calsash-tablets/86dfd7b49d9c-Calsah.png
revitalising-ginseng-face-pack-for-men,true,0,https://biosash.com/media/uploads/products/Facepack-for-Men.png,https://gbcnvrymoarcqrvdnnvb.supabase.co/storage/v1/object/public/product-images/gallery/revitalising-ginseng-face-pack-for-men/03480d999722-Facepack-for-Men.png
anti-wrinkle-serum,true,0,https://biosash.com/media/uploads/products/Sea-Buckthorn-Face-Serum-Anti-Wrinkle-Serum.png,https://gbcnvrymoarcqrvdnnvb.supabase.co/storage/v1/object/public/product-images/gallery/anti-wrinkle-serum/40fd8ace1d94-Sea-Buckthorn-Face-Serum-Anti-Wrinkle-Serum.png
anti-wrinkle-serum,true,1,https://biosash.com/media/uploads/products/01-37.jpg,https://gbcnvrymoarcqrvdnnvb.supabase.co/storage/v1/object/public/product-images/gallery/anti-wrinkle-serum/e31443f9ef57-01-37.jpg
anti-wrinkle-serum,true,2,https://biosash.com/media/uploads/products/02-37.jpg,https://gbcnvrymoarcqrvdnnvb.supabase.co/storage/v1/object/public/product-images/gallery/anti-wrinkle-serum/e0f28694f0af-02-37.jpg
anti-wrinkle-serum,true,3,https://biosash.com/media/uploads/products/03-37.jpg,https://gbcnvrymoarcqrvdnnvb.supabase.co/storage/v1/object/public/product-images/gallery/anti-wrinkle-serum/8eef6d1b3ec4-03-37.jpg
anti-wrinkle-serum,true,4,https://biosash.com/media/uploads/products/04-36.jpg,https://gbcnvrymoarcqrvdnnvb.supabase.co/storage/v1/object/public/product-images/gallery/anti-wrinkle-serum/b2adefdc239b-04-36.jpg
anti-wrinkle-serum,true,5,https://biosash.com/media/uploads/products/05-17.jpg,https://gbcnvrymoarcqrvdnnvb.supabase.co/storage/v1/object/public/product-images/gallery/anti-wrinkle-serum/77e296c5c321-05-17.jpg
seabuckthorn-berry-powder,true,0,https://biosash.com/media/uploads/products/SBT-Powder-Front.jpg,https://gbcnvrymoarcqrvdnnvb.supabase.co/storage/v1/object/public/product-images/gallery/seabuckthorn-berry-powder/518437dee5bb-SBT-Powder-Front.jpg
seabuckthorn-berry-powder,true,1,https://biosash.com/media/uploads/products/2025-08-01.jpg,https://gbcnvrymoarcqrvdnnvb.supabase.co/storage/v1/object/public/product-images/gallery/seabuckthorn-berry-powder/f73936697f4f-2025-08-01.jpg
seabuckthorn-berry-powder,true,2,https://biosash.com/media/uploads/products/2025-08-02.jpg,https://gbcnvrymoarcqrvdnnvb.supabase.co/storage/v1/object/public/product-images/gallery/seabuckthorn-berry-powder/6d308d9df29e-2025-08-02.jpg
seabuckthorn-berry-powder,true,3,https://biosash.com/media/uploads/products/2025-08-03.jpg,https://gbcnvrymoarcqrvdnnvb.supabase.co/storage/v1/object/public/product-images/gallery/seabuckthorn-berry-powder/f0f641ca1abb-2025-08-03.jpg
seabuckthorn-berry-powder,true,4,https://biosash.com/media/uploads/products/2025-08-04.jpg,https://gbcnvrymoarcqrvdnnvb.supabase.co/storage/v1/object/public/product-images/gallery/seabuckthorn-berry-powder/d7092e579489-2025-08-04.jpg
seabuckthorn-berry-powder,true,5,https://biosash.com/media/uploads/products/2025-08-05.jpg,https://gbcnvrymoarcqrvdnnvb.supabase.co/storage/v1/object/public/product-images/gallery/seabuckthorn-berry-powder/a5e57109262d-2025-08-05.jpg
hair-serum,true,0,https://biosash.com/media/uploads/products/Biosash-HAIR-SERUM.png,https://gbcnvrymoarcqrvdnnvb.supabase.co/storage/v1/object/public/product-images/gallery/hair-serum/55ebcedc9d96-Biosash-HAIR-SERUM.png
hair-serum,true,1,https://biosash.com/media/uploads/products/01-20.jpg,https://gbcnvrymoarcqrvdnnvb.supabase.co/storage/v1/object/public/product-images/gallery/hair-serum/6303c9a20d27-01-20.jpg
hair-serum,true,2,https://biosash.com/media/uploads/products/02-20.jpg,https://gbcnvrymoarcqrvdnnvb.supabase.co/storage/v1/object/public/product-images/gallery/hair-serum/0bfa497070a5-02-20.jpg
hair-serum,true,3,https://biosash.com/media/uploads/products/03-20.jpg,https://gbcnvrymoarcqrvdnnvb.supabase.co/storage/v1/object/public/product-images/gallery/hair-serum/a73eab9d243b-03-20.jpg
hair-serum,true,4,https://biosash.com/media/uploads/products/04-20.jpg,https://gbcnvrymoarcqrvdnnvb.supabase.co/storage/v1/object/public/product-images/gallery/hair-serum/54a2648bf3e9-04-20.jpg
rose-water,true,0,https://biosash.com/media/uploads/products/Rose-Water.png,https://gbcnvrymoarcqrvdnnvb.supabase.co/storage/v1/object/public/product-images/gallery/rose-water/d4b5d79bfaee-Rose-Water.png
rose-water,true,1,https://biosash.com/media/uploads/products/2020-12-01.jpg,https://gbcnvrymoarcqrvdnnvb.supabase.co/storage/v1/object/public/product-images/gallery/rose-water/a7282e0dbf7d-2020-12-01.jpg
rose-water,true,2,https://biosash.com/media/uploads/products/2020-12-02.jpg,https://gbcnvrymoarcqrvdnnvb.supabase.co/storage/v1/object/public/product-images/gallery/rose-water/3904a52c3066-2020-12-02.jpg
rose-water,true,3,https://biosash.com/media/uploads/products/2020-12-03.jpg,https://gbcnvrymoarcqrvdnnvb.supabase.co/storage/v1/object/public/product-images/gallery/rose-water/9b8c01121c7b-2020-12-03.jpg
rose-water,true,4,https://biosash.com/media/uploads/products/2020-12-04.jpg,https://gbcnvrymoarcqrvdnnvb.supabase.co/storage/v1/object/public/product-images/gallery/rose-water/f308c91079fb-2020-12-04.jpg
seabuckthorn-empower-x-juice,false,0,https://biosash.com/media/uploads/products/Sea-buckthorn-Empower-x-Juice.png,https://gbcnvrymoarcqrvdnnvb.supabase.co/storage/v1/object/public/product-images/gallery/seabuckthorn-empower-x-juice/f933e9b4254d-Sea-buckthorn-Empower-x-Juice.png
seabuckthorn-empower-x-juice,false,1,https://biosash.com/media/uploads/products/2020-10-01-4.jpg,https://gbcnvrymoarcqrvdnnvb.supabase.co/storage/v1/object/public/product-images/gallery/seabuckthorn-empower-x-juice/7ccdf3b25442-2020-10-01-4.jpg
seabuckthorn-empower-x-juice,false,2,https://biosash.com/media/uploads/products/2020-10-02-4.jpg,https://gbcnvrymoarcqrvdnnvb.supabase.co/storage/v1/object/public/product-images/gallery/seabuckthorn-empower-x-juice/c90872c1498f-2020-10-02-4.jpg
seabuckthorn-empower-x-juice,false,3,https://biosash.com/media/uploads/products/2020-10-03-4.jpg,https://gbcnvrymoarcqrvdnnvb.supabase.co/storage/v1/object/public/product-images/gallery/seabuckthorn-empower-x-juice/53815f3fb348-2020-10-03-4.jpg
seabuckthorn-empower-x-juice,false,4,https://biosash.com/media/uploads/products/2020-10-04-4.jpg,https://gbcnvrymoarcqrvdnnvb.supabase.co/storage/v1/object/public/product-images/gallery/seabuckthorn-empower-x-juice/c76d7af74745-2020-10-04-4.jpg
seabuckthorn-empower-x-juice,false,5,https://biosash.com/media/uploads/products/2020-10-05-4.jpg,https://gbcnvrymoarcqrvdnnvb.supabase.co/storage/v1/object/public/product-images/gallery/seabuckthorn-empower-x-juice/1ab407c8648b-2020-10-05-4.jpg
seabuckthorn-empower-x-juice,false,6,https://biosash.com/media/uploads/products/2020-10-06-4.jpg,https://gbcnvrymoarcqrvdnnvb.supabase.co/storage/v1/object/public/product-images/gallery/seabuckthorn-empower-x-juice/95c8d12f09be-2020-10-06-4.jpg
seabuckthorn-empower-x-juice,false,7,https://biosash.com/media/uploads/products/2020-10-07-4.jpg,https://gbcnvrymoarcqrvdnnvb.supabase.co/storage/v1/object/public/product-images/gallery/seabuckthorn-empower-x-juice/f716e8cdac86-2020-10-07-4.jpg
seabuckthorn-empower-x-juice,false,8,https://biosash.com/media/uploads/products/08-4.jpg,https://gbcnvrymoarcqrvdnnvb.supabase.co/storage/v1/object/public/product-images/gallery/seabuckthorn-empower-x-juice/336b36c2196f-08-4.jpg
seabuckthorn-empower-x-juice,false,9,https://biosash.com/media/uploads/products/09-4.jpg,https://gbcnvrymoarcqrvdnnvb.supabase.co/storage/v1/object/public/product-images/gallery/seabuckthorn-empower-x-juice/8edf9e4ffa7b-09-4.jpg
seabuckthorn-empower-x-juice,false,10,https://biosash.com/media/uploads/products/10-3.jpg,https://gbcnvrymoarcqrvdnnvb.supabase.co/storage/v1/object/public/product-images/gallery/seabuckthorn-empower-x-juice/e933b3d21c35-10-3.jpg
seabuckthorn-femsash-juice,false,0,https://biosash.com/media/uploads/products/Sea-buckthorn-Femsash-Juice.png,https://gbcnvrymoarcqrvdnnvb.supabase.co/storage/v1/object/public/product-images/gallery/seabuckthorn-femsash-juice/83ca8309e91d-Sea-buckthorn-Femsash-Juice.png
seabuckthorn-femsash-juice,false,1,https://biosash.com/media/uploads/products/2020-10-01-5.jpg,https://gbcnvrymoarcqrvdnnvb.supabase.co/storage/v1/object/public/product-images/gallery/seabuckthorn-femsash-juice/0d33eb54a928-2020-10-01-5.jpg
seabuckthorn-femsash-juice,false,2,https://biosash.com/media/uploads/products/2020-10-02-5.jpg,https://gbcnvrymoarcqrvdnnvb.supabase.co/storage/v1/object/public/product-images/gallery/seabuckthorn-femsash-juice/bc43160fea59-2020-10-02-5.jpg
seabuckthorn-femsash-juice,false,3,https://biosash.com/media/uploads/products/2020-10-03-5.jpg,https://gbcnvrymoarcqrvdnnvb.supabase.co/storage/v1/object/public/product-images/gallery/seabuckthorn-femsash-juice/8eab789a8daf-2020-10-03-5.jpg
seabuckthorn-femsash-juice,false,4,https://biosash.com/media/uploads/products/2020-10-04-5.jpg,https://gbcnvrymoarcqrvdnnvb.supabase.co/storage/v1/object/public/product-images/gallery/seabuckthorn-femsash-juice/4842e92c9622-2020-10-04-5.jpg
seabuckthorn-femsash-juice,false,5,https://biosash.com/media/uploads/products/2020-10-05-5.jpg,https://gbcnvrymoarcqrvdnnvb.supabase.co/storage/v1/object/public/product-images/gallery/seabuckthorn-femsash-juice/6c7569cfd888-2020-10-05-5.jpg
seabuckthorn-femsash-juice,false,6,https://biosash.com/media/uploads/products/2020-10-06-5.jpg,https://gbcnvrymoarcqrvdnnvb.supabase.co/storage/v1/object/public/product-images/gallery/seabuckthorn-femsash-juice/5e0ffc87fa1f-2020-10-06-5.jpg
seabuckthorn-femsash-juice,false,7,https://biosash.com/media/uploads/products/2020-10-07-5.jpg,https://gbcnvrymoarcqrvdnnvb.supabase.co/storage/v1/object/public/product-images/gallery/seabuckthorn-femsash-juice/3689f5690e40-2020-10-07-5.jpg
seabuckthorn-femsash-juice,false,8,https://biosash.com/media/uploads/products/08-5.jpg,https://gbcnvrymoarcqrvdnnvb.supabase.co/storage/v1/object/public/product-images/gallery/seabuckthorn-femsash-juice/9eb5d93ba4d6-08-5.jpg
seabuckthorn-femsash-juice,false,9,https://biosash.com/media/uploads/products/09-5.jpg,https://gbcnvrymoarcqrvdnnvb.supabase.co/storage/v1/object/public/product-images/gallery/seabuckthorn-femsash-juice/c66361e07b09-09-5.jpg
seabuckthorn-femsash-juice,false,10,https://biosash.com/media/uploads/products/10-4.jpg,https://gbcnvrymoarcqrvdnnvb.supabase.co/storage/v1/object/public/product-images/gallery/seabuckthorn-femsash-juice/2b1904ef072c-10-4.jpg
natural-seabuckthorn-bathing-bar-soap,true,0,https://biosash.com/media/uploads/products/2026-08-07-7.jpg,https://gbcnvrymoarcqrvdnnvb.supabase.co/storage/v1/object/public/product-images/gallery/natural-seabuckthorn-bathing-bar-soap/53df3198578e-2026-08-07-7.jpg
natural-seabuckthorn-bathing-bar-soap,true,1,https://biosash.com/media/uploads/products/2026-08-01-7.jpg,https://gbcnvrymoarcqrvdnnvb.supabase.co/storage/v1/object/public/product-images/gallery/natural-seabuckthorn-bathing-bar-soap/3c0ed1c8fa42-2026-08-01-7.jpg
natural-seabuckthorn-bathing-bar-soap,true,2,https://biosash.com/media/uploads/products/2026-08-02-7.jpg,https://gbcnvrymoarcqrvdnnvb.supabase.co/storage/v1/object/public/product-images/gallery/natural-seabuckthorn-bathing-bar-soap/a1e4b8bab221-2026-08-02-7.jpg
natural-seabuckthorn-bathing-bar-soap,true,3,https://biosash.com/media/uploads/products/2026-08-03-7.jpg,https://gbcnvrymoarcqrvdnnvb.supabase.co/storage/v1/object/public/product-images/gallery/natural-seabuckthorn-bathing-bar-soap/a4b54d9ad275-2026-08-03-7.jpg
natural-seabuckthorn-bathing-bar-soap,true,4,https://biosash.com/media/uploads/products/2026-08-04-7.jpg,https://gbcnvrymoarcqrvdnnvb.supabase.co/storage/v1/object/public/product-images/gallery/natural-seabuckthorn-bathing-bar-soap/39882b96e9bd-2026-08-04-7.jpg
natural-seabuckthorn-bathing-bar-soap,true,5,https://biosash.com/media/uploads/products/2026-08-05-7.jpg,https://gbcnvrymoarcqrvdnnvb.supabase.co/storage/v1/object/public/product-images/gallery/natural-seabuckthorn-bathing-bar-soap/854f3ca65633-2026-08-05-7.jpg
natural-seabuckthorn-bathing-bar-soap,true,6,https://biosash.com/media/uploads/products/2026-08-06-7.jpg,https://gbcnvrymoarcqrvdnnvb.supabase.co/storage/v1/object/public/product-images/gallery/natural-seabuckthorn-bathing-bar-soap/5f4a6c94561a-2026-08-06-7.jpg
liver-kidney-support,false,0,https://biosash.com/media/uploads/products/Biosash-Liver-Kidney-Support.png,https://gbcnvrymoarcqrvdnnvb.supabase.co/storage/v1/object/public/product-images/gallery/liver-kidney-support/e4381cb1b5d8-Biosash-Liver-Kidney-Support.png
liver-kidney-support,false,1,https://biosash.com/media/uploads/products/01-28.jpg,https://gbcnvrymoarcqrvdnnvb.supabase.co/storage/v1/object/public/product-images/gallery/liver-kidney-support/3c44980ed34b-01-28.jpg
liver-kidney-support,false,2,https://biosash.com/media/uploads/products/02-28.jpg,https://gbcnvrymoarcqrvdnnvb.supabase.co/storage/v1/object/public/product-images/gallery/liver-kidney-support/80d81108b51d-02-28.jpg
liver-kidney-support,false,3,https://biosash.com/media/uploads/products/03-28.jpg,https://gbcnvrymoarcqrvdnnvb.supabase.co/storage/v1/object/public/product-images/gallery/liver-kidney-support/9be000fc68c8-03-28.jpg
liver-kidney-support,false,4,https://biosash.com/media/uploads/products/04-27.jpg,https://gbcnvrymoarcqrvdnnvb.supabase.co/storage/v1/object/public/product-images/gallery/liver-kidney-support/e82a2246d908-04-27.jpg
liver-kidney-support,false,5,https://biosash.com/media/uploads/products/05-14.jpg,https://gbcnvrymoarcqrvdnnvb.supabase.co/storage/v1/object/public/product-images/gallery/liver-kidney-support/4a75e210c5fe-05-14.jpg
citrus-lemon-body-wash,true,0,https://biosash.com/media/uploads/products/Citrus-Lemon-Body-Wash.png,https://gbcnvrymoarcqrvdnnvb.supabase.co/storage/v1/object/public/product-images/gallery/citrus-lemon-body-wash/9a903b1bde59-Citrus-Lemon-Body-Wash.png
citrus-lemon-body-wash,true,1,https://biosash.com/media/uploads/products/01-18.jpg,https://gbcnvrymoarcqrvdnnvb.supabase.co/storage/v1/object/public/product-images/gallery/citrus-lemon-body-wash/981a2c02ecbd-01-18.jpg
citrus-lemon-body-wash,true,2,https://biosash.com/media/uploads/products/02-18.jpg,https://gbcnvrymoarcqrvdnnvb.supabase.co/storage/v1/object/public/product-images/gallery/citrus-lemon-body-wash/3028e3b612d1-02-18.jpg
citrus-lemon-body-wash,true,3,https://biosash.com/media/uploads/products/03-18.jpg,https://gbcnvrymoarcqrvdnnvb.supabase.co/storage/v1/object/public/product-images/gallery/citrus-lemon-body-wash/75f4f73b6634-03-18.jpg
citrus-lemon-body-wash,true,4,https://biosash.com/media/uploads/products/04-18.jpg,https://gbcnvrymoarcqrvdnnvb.supabase.co/storage/v1/object/public/product-images/gallery/citrus-lemon-body-wash/d0aec2449ab5-04-18.jpg
citrus-lemon-body-wash,true,5,https://biosash.com/media/uploads/products/05-13.jpg,https://gbcnvrymoarcqrvdnnvb.supabase.co/storage/v1/object/public/product-images/gallery/citrus-lemon-body-wash/634e886cecac-05-13.jpg
citrus-lemon-body-wash,true,6,https://biosash.com/media/uploads/products/06-12.jpg,https://gbcnvrymoarcqrvdnnvb.supabase.co/storage/v1/object/public/product-images/gallery/citrus-lemon-body-wash/2fd39ee7683e-06-12.jpg
citrus-lemon-body-wash,true,7,https://biosash.com/media/uploads/products/2020-10-07-11.jpg,https://gbcnvrymoarcqrvdnnvb.supabase.co/storage/v1/object/public/product-images/gallery/citrus-lemon-body-wash/93c4bfaa3417-2020-10-07-11.jpg
seabuckthorn-cardiosash-juice,false,0,https://biosash.com/media/uploads/products/Sea-buckthorn-Cardiosash-Juice.png,https://gbcnvrymoarcqrvdnnvb.supabase.co/storage/v1/object/public/product-images/gallery/seabuckthorn-cardiosash-juice/5a33073b01d6-Sea-buckthorn-Cardiosash-Juice.png
seabuckthorn-cardiosash-juice,false,1,https://biosash.com/media/uploads/products/2020-10-01-2.jpg,https://gbcnvrymoarcqrvdnnvb.supabase.co/storage/v1/object/public/product-images/gallery/seabuckthorn-cardiosash-juice/a7b4e527e500-2020-10-01-2.jpg
seabuckthorn-cardiosash-juice,false,2,https://biosash.com/media/uploads/products/2020-10-02-2.jpg,https://gbcnvrymoarcqrvdnnvb.supabase.co/storage/v1/object/public/product-images/gallery/seabuckthorn-cardiosash-juice/9903e9aeefa7-2020-10-02-2.jpg
seabuckthorn-cardiosash-juice,false,3,https://biosash.com/media/uploads/products/2020-10-03-2.jpg,https://gbcnvrymoarcqrvdnnvb.supabase.co/storage/v1/object/public/product-images/gallery/seabuckthorn-cardiosash-juice/a689284319bd-2020-10-03-2.jpg
seabuckthorn-cardiosash-juice,false,4,https://biosash.com/media/uploads/products/2020-10-04-2.jpg,https://gbcnvrymoarcqrvdnnvb.supabase.co/storage/v1/object/public/product-images/gallery/seabuckthorn-cardiosash-juice/ce52e7154f29-2020-10-04-2.jpg
seabuckthorn-cardiosash-juice,false,5,https://biosash.com/media/uploads/products/2020-10-05-2.jpg,https://gbcnvrymoarcqrvdnnvb.supabase.co/storage/v1/object/public/product-images/gallery/seabuckthorn-cardiosash-juice/2050dc8ebc66-2020-10-05-2.jpg
seabuckthorn-cardiosash-juice,false,6,https://biosash.com/media/uploads/products/2020-10-06-2.jpg,https://gbcnvrymoarcqrvdnnvb.supabase.co/storage/v1/object/public/product-images/gallery/seabuckthorn-cardiosash-juice/8db98a902638-2020-10-06-2.jpg
seabuckthorn-cardiosash-juice,false,7,https://biosash.com/media/uploads/products/2020-10-07-2.jpg,https://gbcnvrymoarcqrvdnnvb.supabase.co/storage/v1/object/public/product-images/gallery/seabuckthorn-cardiosash-juice/76f036663d13-2020-10-07-2.jpg
seabuckthorn-cardiosash-juice,false,8,https://biosash.com/media/uploads/products/2020-10-08-2.jpg,https://gbcnvrymoarcqrvdnnvb.supabase.co/storage/v1/object/public/product-images/gallery/seabuckthorn-cardiosash-juice/3dacb737e86b-2020-10-08-2.jpg
seabuckthorn-cardiosash-juice,false,9,https://biosash.com/media/uploads/products/2020-10-09-2.jpg,https://gbcnvrymoarcqrvdnnvb.supabase.co/storage/v1/object/public/product-images/gallery/seabuckthorn-cardiosash-juice/60c25203c5c8-2020-10-09-2.jpg
seabuckthorn-cardiosash-juice,false,10,https://biosash.com/media/uploads/products/2020-10-10-1.jpg,https://gbcnvrymoarcqrvdnnvb.supabase.co/storage/v1/object/public/product-images/gallery/seabuckthorn-cardiosash-juice/b5d7809464ea-2020-10-10-1.jpg
seabuckthorn-juice-with-moringa,true,0,https://biosash.com/media/uploads/products/Sbt-Moringa-Juice.png,https://gbcnvrymoarcqrvdnnvb.supabase.co/storage/v1/object/public/product-images/gallery/seabuckthorn-juice-with-moringa/d70a5be48cb8-Sbt-Moringa-Juice.png
seabuckthorn-juice-with-moringa,true,1,https://biosash.com/media/uploads/products/2022-06-01.jpg,https://gbcnvrymoarcqrvdnnvb.supabase.co/storage/v1/object/public/product-images/gallery/seabuckthorn-juice-with-moringa/f8963c9e224f-2022-06-01.jpg
seabuckthorn-juice-with-moringa,true,2,https://biosash.com/media/uploads/products/2022-06-02.jpg,https://gbcnvrymoarcqrvdnnvb.supabase.co/storage/v1/object/public/product-images/gallery/seabuckthorn-juice-with-moringa/82d1ce39d2fa-2022-06-02.jpg
seabuckthorn-juice-with-moringa,true,3,https://biosash.com/media/uploads/products/2022-06-03.jpg,https://gbcnvrymoarcqrvdnnvb.supabase.co/storage/v1/object/public/product-images/gallery/seabuckthorn-juice-with-moringa/cea5bd42b794-2022-06-03.jpg
seabuckthorn-juice-with-moringa,true,4,https://biosash.com/media/uploads/products/2022-06-04.jpg,https://gbcnvrymoarcqrvdnnvb.supabase.co/storage/v1/object/public/product-images/gallery/seabuckthorn-juice-with-moringa/c9f80e47dbcd-2022-06-04.jpg
seabuckthorn-juice-with-moringa,true,5,https://biosash.com/media/uploads/products/2022-06-05.jpg,https://gbcnvrymoarcqrvdnnvb.supabase.co/storage/v1/object/public/product-images/gallery/seabuckthorn-juice-with-moringa/c100aa36056b-2022-06-05.jpg
seabuckthorn-juice-with-moringa,true,6,https://biosash.com/media/uploads/products/2022-06-06.jpg,https://gbcnvrymoarcqrvdnnvb.supabase.co/storage/v1/object/public/product-images/gallery/seabuckthorn-juice-with-moringa/c4f4853b8b88-2022-06-06.jpg
seabuckthorn-juice-with-moringa,true,7,https://biosash.com/media/uploads/products/2022-06-07.jpg,https://gbcnvrymoarcqrvdnnvb.supabase.co/storage/v1/object/public/product-images/gallery/seabuckthorn-juice-with-moringa/aa67b1969ab3-2022-06-07.jpg
seabuckthorn-juice-with-moringa,true,8,https://biosash.com/media/uploads/products/2022-06-08.jpg,https://gbcnvrymoarcqrvdnnvb.supabase.co/storage/v1/object/public/product-images/gallery/seabuckthorn-juice-with-moringa/6f6cc43ee88c-2022-06-08.jpg
seabuckthorn-juice-with-moringa,true,9,https://biosash.com/media/uploads/products/2022-06-09.jpg,https://gbcnvrymoarcqrvdnnvb.supabase.co/storage/v1/object/public/product-images/gallery/seabuckthorn-juice-with-moringa/f5d98d805a85-2022-06-09.jpg
seabuckthorn-juice-with-moringa,true,10,https://biosash.com/media/uploads/products/2022-06-10.jpg,https://gbcnvrymoarcqrvdnnvb.supabase.co/storage/v1/object/public/product-images/gallery/seabuckthorn-juice-with-moringa/9c3bedea95e3-2022-06-10.jpg
natural-seabuckthorn-moisturizing-lotion,true,0,https://biosash.com/media/uploads/products/Natural-Sea-buckthorn-Lotion.png,https://gbcnvrymoarcqrvdnnvb.supabase.co/storage/v1/object/public/product-images/gallery/natural-seabuckthorn-moisturizing-lotion/7acff63a3b2f-Natural-Sea-buckthorn-Lotion.png
natural-seabuckthorn-moisturizing-lotion,true,1,https://biosash.com/media/uploads/products/2025-12-01.jpg,https://gbcnvrymoarcqrvdnnvb.supabase.co/storage/v1/object/public/product-images/gallery/natural-seabuckthorn-moisturizing-lotion/08b674348c19-2025-12-01.jpg
natural-seabuckthorn-moisturizing-lotion,true,2,https://biosash.com/media/uploads/products/2025-12-02.jpg,https://gbcnvrymoarcqrvdnnvb.supabase.co/storage/v1/object/public/product-images/gallery/natural-seabuckthorn-moisturizing-lotion/d913e791d3d1-2025-12-02.jpg
natural-seabuckthorn-moisturizing-lotion,true,3,https://biosash.com/media/uploads/products/2025-12-03.jpg,https://gbcnvrymoarcqrvdnnvb.supabase.co/storage/v1/object/public/product-images/gallery/natural-seabuckthorn-moisturizing-lotion/97c5ef523d2c-2025-12-03.jpg
natural-seabuckthorn-moisturizing-lotion,true,4,https://biosash.com/media/uploads/products/2025-12-04.jpg,https://gbcnvrymoarcqrvdnnvb.supabase.co/storage/v1/object/public/product-images/gallery/natural-seabuckthorn-moisturizing-lotion/c25929bdeeef-2025-12-04.jpg
collagen-builder-tablets,true,0,https://biosash.com/media/uploads/products/Biosash-Collagan-Builder.png,https://gbcnvrymoarcqrvdnnvb.supabase.co/storage/v1/object/public/product-images/gallery/collagen-builder-tablets/829887f1b231-Biosash-Collagan-Builder.png
bioflex-cold-pressed-flex-seed-oil,true,0,https://biosash.com/media/uploads/products/BioFlex-Flexseed-Oil.png,https://gbcnvrymoarcqrvdnnvb.supabase.co/storage/v1/object/public/product-images/gallery/bioflex-cold-pressed-flex-seed-oil/6abc595ab64d-BioFlex-Flexseed-Oil.png
seabuckthorn-empower-juice,false,0,https://biosash.com/media/uploads/products/Sea-Buckthorn-Empower-Juice.png,https://gbcnvrymoarcqrvdnnvb.supabase.co/storage/v1/object/public/product-images/gallery/seabuckthorn-empower-juice/c767a24aec5e-Sea-Buckthorn-Empower-Juice.png
seabuckthorn-empower-juice,false,1,https://biosash.com/media/uploads/products/2023-10-01-1.jpg,https://gbcnvrymoarcqrvdnnvb.supabase.co/storage/v1/object/public/product-images/gallery/seabuckthorn-empower-juice/8b6818e6332a-2023-10-01-1.jpg
seabuckthorn-empower-juice,false,2,https://biosash.com/media/uploads/products/2023-10-02-1.jpg,https://gbcnvrymoarcqrvdnnvb.supabase.co/storage/v1/object/public/product-images/gallery/seabuckthorn-empower-juice/d383a5c2b5bd-2023-10-02-1.jpg
seabuckthorn-empower-juice,false,3,https://biosash.com/media/uploads/products/2023-10-03-1.jpg,https://gbcnvrymoarcqrvdnnvb.supabase.co/storage/v1/object/public/product-images/gallery/seabuckthorn-empower-juice/c15fe9bef526-2023-10-03-1.jpg
seabuckthorn-empower-juice,false,4,https://biosash.com/media/uploads/products/2023-10-04-1.jpg,https://gbcnvrymoarcqrvdnnvb.supabase.co/storage/v1/object/public/product-images/gallery/seabuckthorn-empower-juice/c97ce80f0fac-2023-10-04-1.jpg
seabuckthorn-empower-juice,false,5,https://biosash.com/media/uploads/products/2023-10-05-1.jpg,https://gbcnvrymoarcqrvdnnvb.supabase.co/storage/v1/object/public/product-images/gallery/seabuckthorn-empower-juice/5a7be5579843-2023-10-05-1.jpg
seabuckthorn-empower-juice,false,6,https://biosash.com/media/uploads/products/2023-10-06-1.jpg,https://gbcnvrymoarcqrvdnnvb.supabase.co/storage/v1/object/public/product-images/gallery/seabuckthorn-empower-juice/e99c98771d00-2023-10-06-1.jpg
seabuckthorn-empower-juice,false,7,https://biosash.com/media/uploads/products/2023-10-07-1.jpg,https://gbcnvrymoarcqrvdnnvb.supabase.co/storage/v1/object/public/product-images/gallery/seabuckthorn-empower-juice/ac98e9e85fa2-2023-10-07-1.jpg
seabuckthorn-empower-juice,false,8,https://biosash.com/media/uploads/products/2023-10-08-1.jpg,https://gbcnvrymoarcqrvdnnvb.supabase.co/storage/v1/object/public/product-images/gallery/seabuckthorn-empower-juice/8358ed74db62-2023-10-08-1.jpg
seabuckthorn-empower-juice,false,9,https://biosash.com/media/uploads/products/2023-10-09-1.jpg,https://gbcnvrymoarcqrvdnnvb.supabase.co/storage/v1/object/public/product-images/gallery/seabuckthorn-empower-juice/fc86354b0345-2023-10-09-1.jpg
empower-tablets,true,0,https://biosash.com/media/uploads/products/Biosash-Empower-Tablets.png,https://gbcnvrymoarcqrvdnnvb.supabase.co/storage/v1/object/public/product-images/gallery/empower-tablets/a74d8e00a2d6-Biosash-Empower-Tablets.png
vitamin-c-face-pack-de-tan,true,0,https://biosash.com/media/uploads/products/vitamin-c-face-pack.png,https://gbcnvrymoarcqrvdnnvb.supabase.co/storage/v1/object/public/product-images/gallery/vitamin-c-face-pack-de-tan/272a4eb6c1b4-vitamin-c-face-pack.png
vitamin-c-face-pack-de-tan,true,1,https://biosash.com/media/uploads/products/2020-12-01-3.jpg,https://gbcnvrymoarcqrvdnnvb.supabase.co/storage/v1/object/public/product-images/gallery/vitamin-c-face-pack-de-tan/d91f9d467ff3-2020-12-01-3.jpg
vitamin-c-face-pack-de-tan,true,2,https://biosash.com/media/uploads/products/2020-12-02-3.jpg,https://gbcnvrymoarcqrvdnnvb.supabase.co/storage/v1/object/public/product-images/gallery/vitamin-c-face-pack-de-tan/14588b0e12b8-2020-12-02-3.jpg
vitamin-c-face-pack-de-tan,true,3,https://biosash.com/media/uploads/products/2020-12-03-3.jpg,https://gbcnvrymoarcqrvdnnvb.supabase.co/storage/v1/object/public/product-images/gallery/vitamin-c-face-pack-de-tan/c0de61bda200-2020-12-03-3.jpg
vitamin-c-face-pack-de-tan,true,4,https://biosash.com/media/uploads/products/2020-12-04-3.jpg,https://gbcnvrymoarcqrvdnnvb.supabase.co/storage/v1/object/public/product-images/gallery/vitamin-c-face-pack-de-tan/f53bc1b17d94-2020-12-04-3.jpg
seabuckthorn-dry-berry,true,0,https://biosash.com/media/uploads/products/SBT-Berry-Front.jpg,https://gbcnvrymoarcqrvdnnvb.supabase.co/storage/v1/object/public/product-images/gallery/seabuckthorn-dry-berry/9c5c8baf1b81-SBT-Berry-Front.jpg
seabuckthorn-dry-berry,true,1,https://biosash.com/media/uploads/products/2025-08-01-2.jpg,https://gbcnvrymoarcqrvdnnvb.supabase.co/storage/v1/object/public/product-images/gallery/seabuckthorn-dry-berry/a49e9cb6ab93-2025-08-01-2.jpg
seabuckthorn-dry-berry,true,2,https://biosash.com/media/uploads/products/2025-08-02-2.jpg,https://gbcnvrymoarcqrvdnnvb.supabase.co/storage/v1/object/public/product-images/gallery/seabuckthorn-dry-berry/5e6f42ffefe9-2025-08-02-2.jpg
seabuckthorn-dry-berry,true,3,https://biosash.com/media/uploads/products/2025-08-03-2.jpg,https://gbcnvrymoarcqrvdnnvb.supabase.co/storage/v1/object/public/product-images/gallery/seabuckthorn-dry-berry/068d922c128e-2025-08-03-2.jpg
seabuckthorn-dry-berry,true,4,https://biosash.com/media/uploads/products/2025-08-04-2.jpg,https://gbcnvrymoarcqrvdnnvb.supabase.co/storage/v1/object/public/product-images/gallery/seabuckthorn-dry-berry/43470bd211f6-2025-08-04-2.jpg
seabuckthorn-dry-berry,true,5,https://biosash.com/media/uploads/products/2025-08-05-2.jpg,https://gbcnvrymoarcqrvdnnvb.supabase.co/storage/v1/object/public/product-images/gallery/seabuckthorn-dry-berry/5ccc7355397e-2025-08-05-2.jpg
